ward_id,ward_name,date,tmax_adj_c,rh_mean_pct,wbgt_peak_c,hi_peak_c,hazard_score,risk_score,uhi_delta_c,vulnerability,population,risk_band,risk_colour,exposed_population,relative_risk,excess_deaths_per_day
49,Ward 49,2026-09-15,37.32,61.42,33.17,44.05,65.9,60.8,3.22,82.7,19416,Danger,Orange,11805.0,1.17,0.06
29,Ward 29,2026-09-15,37.39,61.19,33.22,44.12,66.5,60.0,3.29,78.3,53782,Danger,Orange,32269.0,1.17,0.18
24,Ward 24,2026-09-15,37.57,60.74,33.15,43.85,65.7,59.9,3.47,80.5,19824,Danger,Orange,11875.0,1.17,0.06
23,Ward 23,2026-09-15,37.6,60.64,33.17,43.92,65.9,59.1,3.5,77.0,18256,Danger,Orange,10789.0,1.17,0.06
28,Ward 28,2026-09-15,37.42,61.08,33.23,44.2,66.6,58.4,3.32,72.7,38110,Danger,Orange,22256.0,1.17,0.13
39,Ward 39,2026-09-15,37.34,61.52,33.04,43.58,64.5,58.0,3.24,77.7,21296,Danger,Orange,12352.0,1.16,0.07
18,Ward 18,2026-09-15,37.53,60.89,33.13,43.8,65.5,57.0,3.43,71.1,22267,Danger,Orange,12692.0,1.17,0.07
37,Ward 37,2026-09-15,37.26,61.64,33.15,43.99,65.7,56.9,3.16,70.2,24020,Danger,Orange,13667.0,1.17,0.08
54,Ward 54,2026-09-15,37.49,61.71,33.04,44.27,64.5,56.5,3.39,72.5,36235,Danger,Orange,20473.0,1.16,0.12
42,Ward 42,2026-09-15,37.16,62.16,32.95,43.33,63.5,56.3,3.06,74.9,21746,Danger,Orange,12243.0,1.16,0.07
48,Ward 48,2026-09-15,37.42,61.25,33.08,43.68,64.9,56.3,3.32,70.7,20437,Danger,Orange,11506.0,1.16,0.07
43,Ward 43,2026-09-15,37.27,61.78,33.01,43.5,64.1,56.0,3.17,71.9,17677,Danger,Orange,9899.0,1.16,0.06
77,Ward 77,2026-09-15,37.4,61.15,32.9,43.63,62.9,55.0,3.4,72.2,45984,Danger,Orange,25291.0,1.16,0.14
41,Ward 41,2026-09-15,37.16,62.16,32.95,43.33,63.5,54.5,3.06,68.6,19946,Danger,Orange,10871.0,1.16,0.06
19,Ward 19,2026-09-15,37.41,61.29,33.07,43.66,64.8,54.4,3.31,64.3,21158,Danger,Orange,11510.0,1.16,0.07
26,Ward 26,2026-09-15,37.18,62.1,32.96,43.38,63.6,53.8,3.08,65.9,25371,Danger,Orange,13650.0,1.16,0.08
62,Ward 62,2026-09-15,37.3,61.49,32.86,43.53,62.5,53.6,3.3,68.4,34832,Danger,Orange,18670.0,1.16,0.11
16,Ward 16,2026-09-15,37.16,61.98,33.09,43.84,65.0,53.5,3.06,60.7,20904,Danger,Orange,11184.0,1.16,0.07
25,Ward 25,2026-09-15,37.23,61.91,32.99,43.44,63.9,53.5,3.13,63.8,27484,Danger,Orange,14704.0,1.16,0.09
21,Ward 21,2026-09-15,37.06,62.51,32.9,43.23,62.9,53.2,2.96,65.8,21187,Danger,Orange,11271.0,1.16,0.07
11,Ward 11,2026-09-15,37.16,61.98,33.09,43.84,65.0,53.0,3.06,59.0,22152,Danger,Orange,11741.0,1.16,0.07
38,Ward 38,2026-09-15,37.02,62.46,33.03,43.64,64.4,52.7,2.92,59.7,28791,Danger,Orange,15173.0,1.16,0.09
44,Ward 44,2026-09-15,36.97,62.82,32.86,43.1,62.5,52.7,2.87,65.2,29600,Danger,Orange,15599.0,1.16,0.09
20,Ward 20,2026-09-15,37.16,62.16,32.95,43.33,63.5,52.6,3.06,61.7,21576,Danger,Orange,11349.0,1.16,0.07
78,Ward 78,2026-09-15,37.18,61.91,32.8,43.38,61.8,52.5,3.18,66.7,54090,Danger,Orange,28397.0,1.16,0.17
10,Ward 10,2026-09-15,37.07,62.3,33.06,43.71,64.7,52.1,2.97,56.8,27700,Danger,Orange,14432.0,1.16,0.09
60,Ward 60,2026-09-15,37.04,63.29,32.81,43.67,61.9,52.0,2.94,64.6,35732,Danger,Orange,18581.0,1.16,0.11
40,Ward 40,2026-09-15,36.93,62.79,32.98,43.55,63.8,51.8,2.83,58.1,20549,Danger,Orange,10644.0,1.16,0.07
65,Ward 65,2026-09-15,37.0,63.42,32.79,43.62,61.7,51.8,2.9,64.2,72427,Danger,Orange,37517.0,1.16,0.22
66,Ward 66,2026-09-15,36.95,63.6,32.76,43.54,61.4,51.5,2.85,64.3,98024,Danger,Orange,50482.0,1.16,0.3
135,Ward 135,2026-09-15,36.68,63.66,32.54,42.72,58.9,51.5,2.68,71.9,33258,Danger,Orange,17128.0,1.15,0.1
36,Ward 36,2026-09-15,36.2,65.43,32.62,42.57,59.8,50.9,2.1,66.9,27238,Danger,Orange,13864.0,1.15,0.08
30,Ward 30,2026-09-15,36.9,62.89,32.97,43.48,63.7,50.8,2.8,55.1,30050,Danger,Orange,15265.0,1.16,0.1
52,Ward 52,2026-09-15,37.07,62.28,32.73,43.21,61.0,50.7,3.07,62.4,16869,Danger,Orange,8553.0,1.15,0.05
56,Ward 56,2026-09-15,37.05,63.25,32.82,43.69,62.0,50.6,2.95,59.2,43622,Danger,Orange,22073.0,1.16,0.13
134,Ward 134,2026-09-15,36.45,64.5,32.43,42.43,57.7,50.5,2.45,72.2,35780,Danger,Orange,18069.0,1.14,0.1
14,Ward 14,2026-09-15,36.81,63.21,32.92,43.4,63.1,50.1,2.71,54.2,53343,Danger,Orange,26725.0,1.16,0.17
53,Ward 53,2026-09-15,37.09,62.23,32.75,43.26,61.2,50.1,3.09,59.7,25598,Danger,Orange,12825.0,1.16,0.08
17,Ward 17,2026-09-15,36.94,62.75,32.99,43.53,63.9,49.8,2.84,51.0,21023,Caution,Yellow,10469.0,1.16,0.07
3,Ward 3,2026-09-15,36.68,63.68,32.85,43.21,62.4,49.6,2.58,54.4,53855,Caution,Yellow,26712.0,1.16,0.17
13,Ward 13,2026-09-15,36.62,63.89,32.83,43.11,62.1,49.6,2.52,55.4,33066,Caution,Yellow,16401.0,1.16,0.1
27,Ward 27,2026-09-15,36.73,63.5,32.88,43.29,62.7,49.6,2.63,53.7,19350,Caution,Yellow,9598.0,1.16,0.06
8,Ward 8,2026-09-15,36.88,62.96,32.95,43.48,63.5,49.5,2.78,50.9,18760,Caution,Yellow,9286.0,1.16,0.06
7,Ward 7,2026-09-15,36.71,63.57,32.88,43.24,62.7,49.3,2.61,52.6,19180,Caution,Yellow,9456.0,1.16,0.06
15,Ward 15,2026-09-15,36.71,63.57,32.88,43.24,62.7,49.3,2.61,52.4,23922,Caution,Yellow,11794.0,1.16,0.07
1,Ward 1,2026-09-15,36.63,63.86,32.83,43.14,62.1,49.1,2.53,53.6,53125,Caution,Yellow,26084.0,1.16,0.16
9,Ward 9,2026-09-15,36.92,63.0,32.83,43.03,62.1,49.0,2.82,53.2,16420,Caution,Yellow,8046.0,1.16,0.05
61,Ward 61,2026-09-15,36.71,63.56,32.56,42.75,59.2,49.0,2.71,61.6,29704,Caution,Yellow,14555.0,1.15,0.09
75,Ward 75,2026-09-15,36.71,63.56,32.56,42.75,59.2,48.8,2.71,61.0,26925,Caution,Yellow,13139.0,1.15,0.08
22,Ward 22,2026-09-15,36.61,64.11,32.67,42.64,60.4,48.6,2.51,56.7,15730,Caution,Yellow,7645.0,1.15,0.05
35,Ward 35,2026-09-15,36.74,63.46,32.89,43.27,62.8,48.6,2.64,49.9,35024,Caution,Yellow,17022.0,1.16,0.11
4,Ward 4,2026-09-15,36.61,63.92,32.82,43.13,62.0,48.5,2.51,51.5,34476,Caution,Yellow,16721.0,1.16,0.11
88,Ward 88,2026-09-15,36.8,63.23,32.6,42.88,59.6,48.3,2.8,58.0,23672,Caution,Yellow,11434.0,1.15,0.07
47,Ward 47,2026-09-15,36.64,64.01,32.69,42.67,60.6,48.2,2.54,54.7,14684,Caution,Yellow,7078.0,1.15,0.04
83,Ward 83,2026-09-15,36.78,63.32,32.59,42.83,59.5,48.2,2.78,57.9,22163,Caution,Yellow,10683.0,1.15,0.07
59,Ward 59,2026-09-15,36.56,65.01,32.56,43.03,59.2,48.0,2.46,57.8,70261,Caution,Yellow,33725.0,1.15,0.21
84,Ward 84,2026-09-15,36.62,63.88,32.51,42.62,58.6,47.7,2.62,58.6,19230,Caution,Yellow,9173.0,1.15,0.06
76,Ward 76,2026-09-15,36.75,63.42,32.58,42.8,59.4,47.5,2.75,55.5,21946,Caution,Yellow,10424.0,1.15,0.06
73,Ward 73,2026-09-15,36.67,63.71,32.54,42.7,58.9,47.2,2.67,55.8,23512,Caution,Yellow,11098.0,1.15,0.07
12,Ward 12,2026-09-15,36.31,65.02,32.67,42.71,60.4,47.1,2.21,51.1,21493,Caution,Yellow,10123.0,1.15,0.06
32,Ward 32,2026-09-15,36.1,65.79,32.57,42.46,59.3,47.1,2.0,54.1,45636,Caution,Yellow,21495.0,1.15,0.13
82,Ward 82,2026-09-15,36.64,63.81,32.52,42.67,58.7,47.0,2.64,55.7,38838,Caution,Yellow,18254.0,1.15,0.11
85,Ward 85,2026-09-15,36.61,63.93,32.51,42.64,58.6,47.0,2.61,56.0,29566,Caution,Yellow,13896.0,1.15,0.09
91,Ward 91,2026-09-15,36.63,64.77,32.61,43.16,59.7,46.9,2.53,52.5,38450,Caution,Yellow,18033.0,1.15,0.11
6,Ward 6,2026-09-15,36.13,65.7,32.58,42.49,59.4,46.8,2.03,52.9,42346,Caution,Yellow,19818.0,1.15,0.13
31,Ward 31,2026-09-15,36.3,65.06,32.66,42.73,60.3,46.8,2.2,50.1,39025,Caution,Yellow,18264.0,1.15,0.12
67,Ward 67,2026-09-15,36.51,65.21,32.55,43.0,59.0,46.6,2.41,53.4,56284,Caution,Yellow,26228.0,1.15,0.17
50,Ward 50,2026-09-15,36.63,63.84,32.52,42.65,58.7,46.3,2.63,53.0,17251,Caution,Yellow,7987.0,1.15,0.05
64,Ward 64,2026-09-15,36.35,65.8,32.47,42.78,58.2,46.2,2.25,54.1,31280,Caution,Yellow,14451.0,1.15,0.09
2,Ward 2,2026-09-15,36.41,64.64,32.71,42.87,60.8,46.1,2.31,46.3,48190,Caution,Yellow,22216.0,1.15,0.15
34,Ward 34,2026-09-15,36.66,64.66,32.62,43.19,59.8,46.1,2.56,49.0,29773,Caution,Yellow,13725.0,1.15,0.09
55,Ward 55,2026-09-15,36.42,65.54,32.5,42.87,58.5,46.1,2.32,52.9,32254,Caution,Yellow,14869.0,1.15,0.09
81,Ward 81,2026-09-15,36.44,64.53,32.42,42.41,57.6,46.0,2.44,55.1,41501,Caution,Yellow,19090.0,1.14,0.12
133,Ward 133,2026-09-15,36.37,64.78,32.39,42.33,57.3,45.7,2.37,55.1,25588,Caution,Yellow,11694.0,1.14,0.07
132,Ward 132,2026-09-15,36.38,64.75,32.39,42.31,57.3,45.4,2.38,53.9,26274,Caution,Yellow,11928.0,1.14,0.07
138,Ward 138,2026-09-15,35.6,70.24,32.2,42.24,55.2,45.4,1.8,60.7,28858,Caution,Yellow,13102.0,1.14,0.08
51,Ward 51,2026-09-15,36.56,64.11,32.48,42.57,58.3,45.2,2.56,50.0,13556,Caution,Yellow,6127.0,1.15,0.04
72,Ward 72,2026-09-15,36.4,64.69,32.4,42.36,57.4,45.2,2.4,52.6,19167,Caution,Yellow,8663.0,1.14,0.05
117,Ward 117,2026-09-15,36.34,64.89,32.36,42.26,57.0,45.0,2.34,53.1,21824,Caution,Yellow,9821.0,1.14,0.06
89,Ward 89,2026-09-15,36.43,64.57,32.41,42.39,57.5,44.6,2.43,50.0,22304,Caution,Yellow,9948.0,1.14,0.06
118,Ward 118,2026-09-15,36.3,65.05,32.34,42.21,56.8,44.6,2.3,52.3,21810,Caution,Yellow,9727.0,1.14,0.06
105,Ward 105,2026-09-15,36.48,65.31,32.52,42.92,58.7,44.4,2.38,45.8,21267,Caution,Yellow,9443.0,1.15,0.06
120,Ward 120,2026-09-15,36.37,64.78,32.39,42.33,57.3,44.4,2.37,49.9,19710,Caution,Yellow,8751.0,1.14,0.06
68,Ward 68,2026-09-15,36.23,66.23,32.4,42.62,57.4,44.3,2.13,49.4,20724,Caution,Yellow,9181.0,1.14,0.06
104,Ward 104,2026-09-15,36.41,65.57,32.49,42.84,58.4,43.7,2.31,43.9,33185,Caution,Yellow,14502.0,1.15,0.1
71,Ward 71,2026-09-15,36.28,65.11,32.34,42.2,56.8,43.6,2.28,48.2,29922,Caution,Yellow,13046.0,1.14,0.08
130,Ward 130,2026-09-15,36.2,65.42,32.3,42.1,56.3,43.6,2.2,49.8,23227,Caution,Yellow,10127.0,1.14,0.06
99,Ward 99,2026-09-15,36.31,66.51,32.31,42.77,56.4,43.3,2.41,48.4,26739,Caution,Yellow,11578.0,1.14,0.07
92,Ward 92,2026-09-15,36.24,66.22,32.41,42.64,57.5,43.2,2.14,44.8,36450,Caution,Yellow,15746.0,1.14,0.1
131,Ward 131,2026-09-15,36.15,65.6,32.27,42.02,56.0,43.1,2.15,48.9,30911,Caution,Yellow,13323.0,1.14,0.09
139,Ward 139,2026-09-15,35.2,71.86,31.99,41.7,53.0,43.1,1.4,58.5,42014,Caution,Yellow,18108.0,1.13,0.11
107,Ward 107,2026-09-15,36.0,67.11,32.29,42.31,56.2,43.0,1.9,47.8,54260,Caution,Yellow,23332.0,1.14,0.15
136,Ward 136,2026-09-15,35.97,66.27,32.19,41.8,55.1,43.0,1.97,51.0,21482,Caution,Yellow,9237.0,1.14,0.06
57,Ward 57,2026-09-15,35.82,67.8,32.2,42.09,55.2,42.9,1.72,50.6,49856,Caution,Yellow,21388.0,1.14,0.14
69,Ward 69,2026-09-15,35.98,66.24,32.19,41.83,55.1,42.9,1.98,50.6,44111,Caution,Yellow,18924.0,1.14,0.12
95,Ward 95,2026-09-15,36.19,66.4,32.28,42.92,56.1,42.9,2.29,47.6,26737,Caution,Yellow,11470.0,1.14,0.07
96,Ward 96,2026-09-15,36.23,66.25,32.3,42.98,56.3,42.9,2.33,47.3,31033,Caution,Yellow,13313.0,1.14,0.09
106,Ward 106,2026-09-15,36.1,66.73,32.33,42.43,56.6,42.9,2.0,46.1,40618,Caution,Yellow,17425.0,1.14,0.11
137,Ward 137,2026-09-15,35.61,67.63,32.0,41.32,53.1,42.8,1.61,56.7,19385,Caution,Yellow,8297.0,1.13,0.05
93,Ward 93,2026-09-15,36.12,65.71,32.26,41.99,55.9,42.7,2.12,47.7,44364,Caution,Yellow,18943.0,1.14,0.12
98,Ward 98,2026-09-15,36.23,66.25,32.3,42.98,56.3,42.7,2.33,46.3,31708,Caution,Yellow,13539.0,1.14,0.09
119,Ward 119,2026-09-15,36.16,65.56,32.28,42.04,56.1,42.7,2.16,46.9,16491,Caution,Yellow,7042.0,1.14,0.05
5,Ward 5,2026-09-15,35.8,66.92,32.42,42.07,57.6,42.6,1.7,42.1,23707,Caution,Yellow,10099.0,1.14,0.07
103,Ward 103,2026-09-15,36.21,66.89,32.25,42.64,55.8,42.6,2.31,47.3,25428,Caution,Yellow,10832.0,1.14,0.07
116,Ward 116,2026-09-15,35.99,67.17,32.18,42.67,55.0,42.6,2.09,49.7,28338,Caution,Yellow,12072.0,1.14,0.08
129,Ward 129,2026-09-15,35.98,66.24,32.19,41.83,55.1,42.2,1.98,47.9,39654,Caution,Yellow,16734.0,1.14,0.11
101,Ward 101,2026-09-15,36.1,67.3,32.2,42.48,55.2,42.1,2.2,47.2,40208,Caution,Yellow,16928.0,1.14,0.11
70,Ward 70,2026-09-15,36.06,65.93,32.22,41.89,55.5,42.0,2.06,46.0,18618,Caution,Yellow,7820.0,1.14,0.05
86,Ward 86,2026-09-15,35.93,66.42,32.16,41.75,54.8,41.8,1.93,47.1,19195,Caution,Yellow,8024.0,1.14,0.05
112,Ward 112,2026-09-15,35.94,67.35,32.15,42.58,54.7,41.8,2.04,47.5,32404,Caution,Yellow,13545.0,1.14,0.09
113,Ward 113,2026-09-15,35.91,67.46,32.14,42.54,54.6,41.7,2.01,47.7,33475,Caution,Yellow,13959.0,1.14,0.09
115,Ward 115,2026-09-15,36.0,67.13,32.19,42.66,55.1,41.7,2.1,46.0,31919,Caution,Yellow,13310.0,1.14,0.09
123,Ward 123,2026-09-15,35.9,67.51,32.13,42.51,54.5,41.6,2.0,47.5,35386,Caution,Yellow,14721.0,1.14,0.1
141,Ward 141,2026-09-15,34.98,72.77,31.89,41.42,51.9,41.6,1.18,55.9,41152,Caution,Yellow,17119.0,1.13,0.11
114,Ward 114,2026-09-15,35.84,67.73,32.1,42.44,54.2,41.4,1.94,47.4,41913,Caution,Yellow,17352.0,1.14,0.11
102,Ward 102,2026-09-15,36.0,67.69,32.15,42.34,54.7,41.3,2.1,45.5,21503,Caution,Yellow,8881.0,1.14,0.06
140,Ward 140,2026-09-15,34.87,73.23,31.83,41.24,51.3,41.3,1.07,56.8,30504,Caution,Yellow,12598.0,1.13,0.08
121,Ward 121,2026-09-15,35.82,67.8,32.08,42.42,54.0,41.2,1.92,47.5,29921,Caution,Yellow,12327.0,1.14,0.08
124,Ward 124,2026-09-15,35.73,68.17,32.05,42.3,53.6,41.0,1.83,47.9,39179,Caution,Yellow,16063.0,1.14,0.1
128,Ward 128,2026-09-15,35.82,67.8,32.08,42.42,54.0,40.9,1.92,46.1,32179,Caution,Yellow,13161.0,1.14,0.09
33,Ward 33,2026-09-15,35.79,67.92,32.18,42.06,55.0,40.8,1.69,42.5,45919,Caution,Yellow,18735.0,1.14,0.13
125,Ward 125,2026-09-15,35.71,68.24,32.03,42.29,53.4,40.6,1.81,46.6,44850,Caution,Yellow,18209.0,1.13,0.12
79,Ward 79,2026-09-15,35.45,68.27,31.91,41.11,52.2,40.3,1.45,49.2,44303,Caution,Yellow,17854.0,1.13,0.11
100,Ward 100,2026-09-15,35.85,68.27,32.08,42.15,54.0,40.3,1.95,43.6,25507,Caution,Yellow,10279.0,1.14,0.07
111,Ward 111,2026-09-15,35.72,68.77,32.0,41.97,53.1,40.1,1.82,45.5,38647,Caution,Yellow,15497.0,1.13,0.1
58,Ward 58,2026-09-15,35.05,70.84,31.8,41.07,51.0,39.9,0.95,51.8,88465,Caution,Yellow,35298.0,1.13,0.22
110,Ward 110,2026-09-15,35.63,69.13,31.95,41.86,52.6,39.5,1.73,44.7,27470,Caution,Yellow,10851.0,1.13,0.07
127,Ward 127,2026-09-15,35.47,69.18,31.91,41.97,52.2,39.0,1.57,44.0,43782,Caution,Yellow,17075.0,1.13,0.11
122,Ward 122,2026-09-15,35.45,69.25,31.9,41.91,52.1,38.9,1.55,43.9,39198,Caution,Yellow,15248.0,1.13,0.1
46,Ward 46,2026-09-15,35.03,69.9,31.71,40.59,50.1,38.5,1.03,48.6,12823,Caution,Yellow,4937.0,1.12,0.03
74,Ward 74,2026-09-15,35.21,69.18,31.8,40.82,51.0,38.4,1.21,45.1,42176,Caution,Yellow,16196.0,1.13,0.11
126,Ward 126,2026-09-15,35.32,69.77,31.84,41.76,51.4,37.8,1.42,41.4,31631,Caution,Yellow,11957.0,1.13,0.08
109,Ward 109,2026-09-15,35.04,71.5,31.66,41.07,49.5,37.5,1.14,46.2,64567,Caution,Yellow,24213.0,1.12,0.16
97,Ward 97,2026-09-15,35.25,70.05,31.8,41.65,51.0,36.6,1.35,37.4,37199,Caution,Yellow,13615.0,1.13,0.09
87,Ward 87,2026-09-15,35.05,69.82,31.71,40.6,50.1,36.2,1.05,38.2,12675,Caution,Yellow,4588.0,1.12,0.03
45,Ward 45,2026-09-15,34.1,73.93,31.4,39.39,46.8,36.1,0.0,49.3,8394,Caution,Yellow,3030.0,1.12,0.02
108,Ward 108,2026-09-15,34.46,73.27,31.5,40.3,47.9,35.9,0.36,44.3,64777,Caution,Yellow,23255.0,1.12,0.15
80,Ward 80,2026-09-15,34.04,73.98,31.2,39.32,44.8,35.0,0.04,51.2,31094,Caution,Yellow,10883.0,1.11,0.07
90,Ward 90,2026-09-15,34.45,72.26,31.41,39.84,47.0,33.5,0.45,36.3,18857,Caution,Yellow,6317.0,1.12,0.04
63,Ward 63,2026-09-15,34.08,73.8,31.22,39.38,45.0,33.1,0.08,41.1,24387,Caution,Yellow,8072.0,1.11,0.05
94,Ward 94,2026-09-15,34.47,73.25,31.4,40.58,46.8,33.0,0.57,34.3,27469,Caution,Yellow,9065.0,1.12,0.06
24,Ward 24,2026-09-16,36.57,64.24,32.77,45.01,61.5,56.1,3.47,80.5,19824,Danger,Orange,11121.0,1.16,0.06
49,Ward 49,2026-09-16,36.52,64.8,32.69,44.63,60.6,55.9,3.22,82.7,19416,Danger,Orange,10854.0,1.15,0.06
23,Ward 23,2026-09-16,36.6,64.14,32.79,45.04,61.7,55.3,3.5,77.0,18256,Danger,Orange,10096.0,1.16,0.06
29,Ward 29,2026-09-16,36.59,64.54,32.72,44.72,60.9,55.0,3.29,78.3,53782,Danger,Orange,29580.0,1.15,0.16
39,Ward 39,2026-09-16,36.34,65.08,32.65,44.68,60.1,54.1,3.24,77.7,21296,Danger,Orange,11521.0,1.15,0.06
28,Ward 28,2026-09-16,36.62,64.43,32.73,44.75,61.0,53.5,3.32,72.7,38110,Danger,Orange,20389.0,1.15,0.12
18,Ward 18,2026-09-16,36.53,64.39,32.75,44.95,61.2,53.2,3.43,71.1,22267,Danger,Orange,11846.0,1.16,0.07
54,Ward 54,2026-09-16,36.69,64.78,32.67,44.84,60.4,52.9,3.39,72.5,36235,Danger,Orange,19168.0,1.15,0.11
48,Ward 48,2026-09-16,36.42,64.79,32.7,44.8,60.7,52.7,3.32,70.7,20437,Danger,Orange,10770.0,1.15,0.06
42,Ward 42,2026-09-16,36.16,65.74,32.56,44.44,59.2,52.5,3.06,74.9,21746,Danger,Orange,11417.0,1.15,0.06
37,Ward 37,2026-09-16,36.46,65.01,32.66,44.57,60.3,52.2,3.16,70.2,24020,Danger,Orange,12538.0,1.15,0.07
43,Ward 43,2026-09-16,36.27,65.35,32.62,44.59,59.8,52.2,3.17,71.9,17677,Danger,Orange,9227.0,1.15,0.05
77,Ward 77,2026-09-16,36.5,64.49,32.53,44.2,58.8,51.4,3.4,72.2,45984,Danger,Orange,23636.0,1.15,0.13
19,Ward 19,2026-09-16,36.41,64.82,32.69,44.77,60.6,50.9,3.31,64.3,21158,Danger,Orange,10769.0,1.15,0.06
41,Ward 41,2026-09-16,36.16,65.74,32.56,44.44,59.2,50.8,3.06,68.6,19946,Danger,Orange,10133.0,1.15,0.06
26,Ward 26,2026-09-16,36.18,65.67,32.58,44.49,59.4,50.3,3.08,65.9,25371,Danger,Orange,12762.0,1.15,0.07
62,Ward 62,2026-09-16,36.4,64.86,32.48,44.03,58.3,50.0,3.3,68.4,34832,Danger,Orange,17416.0,1.15,0.1
25,Ward 25,2026-09-16,36.23,65.47,32.6,44.53,59.6,49.9,3.13,63.8,27484,Caution,Yellow,13715.0,1.15,0.08
21,Ward 21,2026-09-16,36.06,66.13,32.51,44.31,58.6,49.6,2.96,65.8,21187,Caution,Yellow,10509.0,1.15,0.06
16,Ward 16,2026-09-16,36.36,65.38,32.6,44.4,59.6,49.1,3.06,60.7,20904,Caution,Yellow,10264.0,1.15,0.06
44,Ward 44,2026-09-16,35.97,66.45,32.47,44.21,58.2,49.1,2.87,65.2,29600,Caution,Yellow,14534.0,1.15,0.09
20,Ward 20,2026-09-16,36.16,65.74,32.56,44.44,59.2,49.0,3.06,61.7,21576,Caution,Yellow,10572.0,1.15,0.06
78,Ward 78,2026-09-16,36.28,65.3,32.41,43.9,57.5,48.9,3.18,66.7,54090,Caution,Yellow,26450.0,1.14,0.15
60,Ward 60,2026-09-16,36.24,66.45,32.46,44.27,58.1,48.8,2.94,64.6,35732,Caution,Yellow,17437.0,1.15,0.1
11,Ward 11,2026-09-16,36.36,65.38,32.6,44.4,59.6,48.6,3.06,59.0,22152,Caution,Yellow,10766.0,1.15,0.07
65,Ward 65,2026-09-16,36.2,66.6,32.43,44.21,57.7,48.4,2.9,64.2,72427,Caution,Yellow,35055.0,1.14,0.21
66,Ward 66,2026-09-16,36.15,66.78,32.4,44.13,57.4,48.2,2.85,64.3,98024,Caution,Yellow,47248.0,1.14,0.28
38,Ward 38,2026-09-16,36.22,65.9,32.53,44.22,58.8,48.1,2.92,59.7,28791,Caution,Yellow,13848.0,1.15,0.08
135,Ward 135,2026-09-16,35.78,67.15,32.15,43.2,54.7,47.8,2.68,71.9,33258,Caution,Yellow,15897.0,1.14,0.09
10,Ward 10,2026-09-16,36.27,65.72,32.56,44.3,59.2,47.7,2.97,56.8,27700,Caution,Yellow,13213.0,1.15,0.08
40,Ward 40,2026-09-16,36.13,66.24,32.49,44.12,58.4,47.4,2.83,58.1,20549,Caution,Yellow,9740.0,1.15,0.06
52,Ward 52,2026-09-16,36.17,65.7,32.36,43.76,57.0,47.4,3.07,62.4,16869,Caution,Yellow,7996.0,1.14,0.05
56,Ward 56,2026-09-16,36.25,66.42,32.45,44.25,58.0,47.4,2.95,59.2,43622,Caution,Yellow,20677.0,1.15,0.13
134,Ward 134,2026-09-16,35.55,68.04,32.04,42.92,53.5,46.8,2.45,72.2,35780,Caution,Yellow,16745.0,1.13,0.09
53,Ward 53,2026-09-16,36.19,65.62,32.37,43.76,57.1,46.7,3.09,59.7,25598,Caution,Yellow,11954.0,1.14,0.07
30,Ward 30,2026-09-16,36.1,66.34,32.48,44.09,58.3,46.5,2.8,55.1,30050,Caution,Yellow,13973.0,1.15,0.09
36,Ward 36,2026-09-16,35.4,69.04,32.12,43.15,54.4,46.3,2.1,66.9,27238,Caution,Yellow,12611.0,1.14,0.07
14,Ward 14,2026-09-16,36.01,66.7,32.43,43.94,57.7,45.8,2.71,54.2,53343,Caution,Yellow,24431.0,1.14,0.15
9,Ward 9,2026-09-16,35.92,66.65,32.44,44.12,57.8,45.6,2.82,53.2,16420,Caution,Yellow,7488.0,1.15,0.05
17,Ward 17,2026-09-16,36.14,66.21,32.5,44.15,58.5,45.6,2.84,51.0,21023,Caution,Yellow,9586.0,1.15,0.06
61,Ward 61,2026-09-16,35.81,67.06,32.18,43.28,55.0,45.5,2.71,61.6,29704,Caution,Yellow,13515.0,1.14,0.08
3,Ward 3,2026-09-16,35.88,67.18,32.37,43.78,57.1,45.4,2.58,54.4,53855,Caution,Yellow,24450.0,1.14,0.15
13,Ward 13,2026-09-16,35.82,67.41,32.34,43.72,56.8,45.4,2.52,55.4,33066,Caution,Yellow,15012.0,1.14,0.09
27,Ward 27,2026-09-16,35.93,66.99,32.4,43.87,57.4,45.4,2.63,53.7,19350,Caution,Yellow,8785.0,1.14,0.06
8,Ward 8,2026-09-16,36.08,66.43,32.46,44.03,58.1,45.3,2.78,50.9,18760,Caution,Yellow,8498.0,1.15,0.05
75,Ward 75,2026-09-16,35.81,67.06,32.18,43.28,55.0,45.3,2.71,61.0,26925,Caution,Yellow,12197.0,1.14,0.07
22,Ward 22,2026-09-16,35.61,67.82,32.28,43.71,56.1,45.2,2.51,56.7,15730,Caution,Yellow,7110.0,1.14,0.04
7,Ward 7,2026-09-16,35.91,67.08,32.38,43.82,57.2,45.0,2.61,52.6,19180,Caution,Yellow,8631.0,1.14,0.05
83,Ward 83,2026-09-16,35.88,66.79,32.22,43.37,55.5,45.0,2.78,57.9,22163,Caution,Yellow,9973.0,1.14,0.06
88,Ward 88,2026-09-16,35.9,66.7,32.22,43.38,55.5,45.0,2.8,58.0,23672,Caution,Yellow,10652.0,1.14,0.07
15,Ward 15,2026-09-16,35.91,67.08,32.38,43.82,57.2,44.9,2.61,52.4,23922,Caution,Yellow,10741.0,1.14,0.07
1,Ward 1,2026-09-16,35.83,67.38,32.33,43.7,56.6,44.8,2.53,53.6,53125,Caution,Yellow,23800.0,1.14,0.15
47,Ward 47,2026-09-16,35.64,67.71,32.3,43.74,56.3,44.8,2.54,54.7,14684,Caution,Yellow,6578.0,1.14,0.04
59,Ward 59,2026-09-16,35.76,68.29,32.2,43.6,55.2,44.7,2.46,57.8,70261,Caution,Yellow,31407.0,1.14,0.19
35,Ward 35,2026-09-16,35.94,66.96,32.39,43.85,57.3,44.4,2.64,49.9,35024,Caution,Yellow,15551.0,1.14,0.1
84,Ward 84,2026-09-16,35.72,67.38,32.13,43.14,54.5,44.3,2.62,58.6,19230,Caution,Yellow,8519.0,1.14,0.05
4,Ward 4,2026-09-16,35.81,67.45,32.33,43.69,56.6,44.2,2.51,51.5,34476,Caution,Yellow,15238.0,1.14,0.1
76,Ward 76,2026-09-16,35.85,66.89,32.19,43.34,55.1,44.1,2.75,55.5,21946,Caution,Yellow,9678.0,1.14,0.06
73,Ward 73,2026-09-16,35.77,67.19,32.16,43.22,54.8,43.9,2.67,55.8,23512,Caution,Yellow,10322.0,1.14,0.06
91,Ward 91,2026-09-16,35.83,68.01,32.24,43.7,55.7,43.8,2.53,52.5,38450,Caution,Yellow,16841.0,1.14,0.11
82,Ward 82,2026-09-16,35.74,67.32,32.14,43.19,54.6,43.7,2.64,55.7,38838,Caution,Yellow,16972.0,1.14,0.11
85,Ward 85,2026-09-16,35.71,67.42,32.13,43.11,54.5,43.7,2.61,56.0,29566,Caution,Yellow,12920.0,1.14,0.08
67,Ward 67,2026-09-16,35.71,68.47,32.19,43.56,55.1,43.5,2.41,53.4,56284,Caution,Yellow,24484.0,1.14,0.15
34,Ward 34,2026-09-16,35.86,67.9,32.27,43.78,56.0,43.1,2.56,49.0,29773,Caution,Yellow,12832.0,1.14,0.08
50,Ward 50,2026-09-16,35.73,67.35,32.13,43.16,54.5,43.0,2.63,53.0,17251,Caution,Yellow,7418.0,1.14,0.05
64,Ward 64,2026-09-16,35.55,69.1,32.1,43.32,54.2,43.0,2.25,54.1,31280,Caution,Yellow,13450.0,1.14,0.08
12,Ward 12,2026-09-16,35.51,68.61,32.18,43.3,55.0,42.9,2.21,51.1,21493,Caution,Yellow,9220.0,1.14,0.06
55,Ward 55,2026-09-16,35.62,68.82,32.13,43.41,54.5,42.9,2.32,52.9,32254,Caution,Yellow,13837.0,1.14,0.09
32,Ward 32,2026-09-16,35.3,69.43,32.07,43.02,53.9,42.8,2.0,54.1,45636,Caution,Yellow,19532.0,1.14,0.12
81,Ward 81,2026-09-16,35.54,68.07,32.04,42.89,53.5,42.7,2.44,55.1,41501,Caution,Yellow,17721.0,1.13,0.11
6,Ward 6,2026-09-16,35.33,69.31,32.09,43.05,54.1,42.6,2.03,52.9,42346,Caution,Yellow,18039.0,1.14,0.11
31,Ward 31,2026-09-16,35.5,68.65,32.17,43.28,54.9,42.6,2.2,50.1,39025,Caution,Yellow,16625.0,1.14,0.11
133,Ward 133,2026-09-16,35.47,68.35,32.01,42.8,53.2,42.5,2.37,55.1,25588,Caution,Yellow,10875.0,1.13,0.07
2,Ward 2,2026-09-16,35.61,68.22,32.23,43.43,55.6,42.2,2.31,46.3,48190,Caution,Yellow,20336.0,1.14,0.13
132,Ward 132,2026-09-16,35.48,68.3,32.0,42.82,53.1,42.1,2.38,53.9,26274,Caution,Yellow,11061.0,1.13,0.07
51,Ward 51,2026-09-16,35.66,67.61,32.1,43.07,54.2,42.0,2.56,50.0,13556,Caution,Yellow,5694.0,1.14,0.04
72,Ward 72,2026-09-16,35.5,68.23,32.02,42.83,53.3,41.9,2.4,52.6,19167,Caution,Yellow,8031.0,1.13,0.05
117,Ward 117,2026-09-16,35.44,68.48,31.99,42.76,53.0,41.8,2.34,53.1,21824,Caution,Yellow,9122.0,1.13,0.06
105,Ward 105,2026-09-16,35.68,68.59,32.17,43.53,54.9,41.5,2.38,45.8,21267,Caution,Yellow,8826.0,1.14,0.06
118,Ward 118,2026-09-16,35.4,68.62,31.97,42.7,52.8,41.5,2.3,52.3,21810,Caution,Yellow,9051.0,1.13,0.06
138,Ward 138,2026-09-16,34.5,73.1,31.74,42.26,50.4,41.5,1.8,60.7,28858,Caution,Yellow,11976.0,1.13,0.07
89,Ward 89,2026-09-16,35.53,68.12,32.03,42.91,53.4,41.4,2.43,50.0,22304,Caution,Yellow,9234.0,1.13,0.06
68,Ward 68,2026-09-16,35.43,69.57,32.04,43.18,53.5,41.3,2.13,49.4,20724,Caution,Yellow,8559.0,1.13,0.05
95,Ward 95,2026-09-16,35.19,69.48,32.08,43.17,54.0,41.3,2.29,47.6,26737,Caution,Yellow,11042.0,1.14,0.07
96,Ward 96,2026-09-16,35.23,69.31,32.09,43.19,54.1,41.3,2.33,47.3,31033,Caution,Yellow,12817.0,1.14,0.08
120,Ward 120,2026-09-16,35.47,68.35,32.01,42.8,53.2,41.2,2.37,49.9,19710,Caution,Yellow,8121.0,1.13,0.05
98,Ward 98,2026-09-16,35.23,69.31,32.09,43.19,54.1,41.0,2.33,46.3,31708,Caution,Yellow,13000.0,1.14,0.08
99,Ward 99,2026-09-16,35.41,69.38,32.03,43.31,53.4,41.0,2.41,48.4,26739,Caution,Yellow,10963.0,1.13,0.07
116,Ward 116,2026-09-16,34.99,70.27,31.98,42.9,52.9,40.9,2.09,49.7,28338,Caution,Yellow,11590.0,1.13,0.07
104,Ward 104,2026-09-16,35.61,68.87,32.14,43.43,54.6,40.8,2.31,43.9,33185,Caution,Yellow,13539.0,1.14,0.09
130,Ward 130,2026-09-16,35.3,69.02,31.92,42.58,52.3,40.5,2.2,49.8,23227,Caution,Yellow,9407.0,1.13,0.06
103,Ward 103,2026-09-16,35.31,69.78,31.98,43.18,52.9,40.4,2.31,47.3,25428,Caution,Yellow,10273.0,1.13,0.07
71,Ward 71,2026-09-16,35.38,68.69,31.95,42.7,52.6,40.3,2.28,48.2,29922,Caution,Yellow,12059.0,1.13,0.08
92,Ward 92,2026-09-16,35.44,69.53,32.05,43.21,53.6,40.3,2.14,44.8,36450,Caution,Yellow,14689.0,1.14,0.1
106,Ward 106,2026-09-16,35.3,70.09,31.98,43.02,52.9,40.1,2.0,46.1,40618,Caution,Yellow,16288.0,1.13,0.11
107,Ward 107,2026-09-16,35.2,70.5,31.93,42.88,52.4,40.1,1.9,47.8,54260,Caution,Yellow,21758.0,1.13,0.14
112,Ward 112,2026-09-16,34.94,70.48,31.94,42.81,52.5,40.1,2.04,47.5,32404,Caution,Yellow,12994.0,1.13,0.08
113,Ward 113,2026-09-16,34.91,70.6,31.93,42.77,52.4,40.1,2.01,47.7,33475,Caution,Yellow,13423.0,1.13,0.09
115,Ward 115,2026-09-16,35.0,70.24,31.97,42.88,52.8,40.0,2.1,46.0,31919,Caution,Yellow,12768.0,1.13,0.08
131,Ward 131,2026-09-16,35.25,69.2,31.89,42.53,51.9,40.0,2.15,48.9,30911,Caution,Yellow,12364.0,1.13,0.08
57,Ward 57,2026-09-16,35.02,71.22,31.83,42.63,51.3,39.9,1.72,50.6,49856,Caution,Yellow,19893.0,1.13,0.13
101,Ward 101,2026-09-16,35.2,70.22,31.92,43.02,52.3,39.9,2.2,47.2,40208,Caution,Yellow,16043.0,1.13,0.1
123,Ward 123,2026-09-16,34.9,70.64,31.92,42.74,52.3,39.9,2.0,47.5,35386,Caution,Yellow,14119.0,1.13,0.09
136,Ward 136,2026-09-16,35.07,69.92,31.8,42.28,51.0,39.8,1.97,51.0,21482,Caution,Yellow,8550.0,1.13,0.05
69,Ward 69,2026-09-16,35.08,69.88,31.81,42.31,51.1,39.7,1.98,50.6,44111,Caution,Yellow,17512.0,1.13,0.11
119,Ward 119,2026-09-16,35.26,69.17,31.9,42.52,52.1,39.7,2.16,46.9,16491,Caution,Yellow,6547.0,1.13,0.04
114,Ward 114,2026-09-16,34.84,70.88,31.89,42.67,51.9,39.6,1.94,47.4,41913,Caution,Yellow,16598.0,1.13,0.11
121,Ward 121,2026-09-16,34.82,70.96,31.89,42.66,51.9,39.6,1.92,47.5,29921,Caution,Yellow,11849.0,1.13,0.08
93,Ward 93,2026-09-16,35.22,69.32,31.87,42.5,51.7,39.5,2.12,47.7,44364,Caution,Yellow,17524.0,1.13,0.11
137,Ward 137,2026-09-16,34.71,71.37,31.62,41.82,49.1,39.5,1.61,56.7,19385,Caution,Yellow,7657.0,1.12,0.05
124,Ward 124,2026-09-16,34.73,71.33,31.84,42.55,51.4,39.3,1.83,47.9,39179,Caution,Yellow,15397.0,1.13,0.1
128,Ward 128,2026-09-16,34.82,70.96,31.89,42.66,51.9,39.3,1.92,46.1,32179,Caution,Yellow,12646.0,1.13,0.08
139,Ward 139,2026-09-16,34.1,74.79,31.53,41.71,48.2,39.2,1.4,58.5,42014,Caution,Yellow,16469.0,1.12,0.1
129,Ward 129,2026-09-16,35.08,69.88,31.81,42.31,51.1,39.1,1.98,47.9,39654,Caution,Yellow,15505.0,1.13,0.1
70,Ward 70,2026-09-16,35.16,69.56,31.84,42.39,51.4,38.9,2.06,46.0,18618,Caution,Yellow,7242.0,1.13,0.05
102,Ward 102,2026-09-16,35.1,70.6,31.86,42.88,51.6,38.9,2.1,45.5,21503,Caution,Yellow,8365.0,1.13,0.05
125,Ward 125,2026-09-16,34.71,71.4,31.82,42.49,51.2,38.9,1.81,46.6,44850,Caution,Yellow,17447.0,1.13,0.11
5,Ward 5,2026-09-16,35.0,70.63,31.92,42.62,52.3,38.7,1.7,42.1,23707,Caution,Yellow,9175.0,1.13,0.06
86,Ward 86,2026-09-16,35.03,70.07,31.78,42.22,50.8,38.7,1.93,47.1,19195,Caution,Yellow,7428.0,1.13,0.05
33,Ward 33,2026-09-16,34.99,71.34,31.82,42.59,51.2,38.0,1.69,42.5,45919,Caution,Yellow,17449.0,1.13,0.12
100,Ward 100,2026-09-16,34.95,71.21,31.79,42.7,50.9,38.0,1.95,43.6,25507,Caution,Yellow,9693.0,1.13,0.06
111,Ward 111,2026-09-16,34.82,71.75,31.73,42.53,50.3,38.0,1.82,45.5,38647,Caution,Yellow,14686.0,1.13,0.1
141,Ward 141,2026-09-16,33.88,75.74,31.43,41.43,47.2,37.8,1.18,55.9,41152,Caution,Yellow,15555.0,1.12,0.1
127,Ward 127,2026-09-16,34.47,72.39,31.71,42.19,50.1,37.5,1.57,44.0,43782,Caution,Yellow,16418.0,1.12,0.11
122,Ward 122,2026-09-16,34.45,72.48,31.7,42.18,50.0,37.4,1.55,43.9,39198,Caution,Yellow,14660.0,1.12,0.1
140,Ward 140,2026-09-16,33.77,76.22,31.36,41.25,46.4,37.4,1.07,56.8,30504,Caution,Yellow,11408.0,1.12,0.07
110,Ward 110,2026-09-16,34.73,72.11,31.67,42.38,49.6,37.3,1.73,44.7,27470,Caution,Yellow,10246.0,1.12,0.07
79,Ward 79,2026-09-16,34.55,72.02,31.53,41.61,48.2,37.2,1.45,49.2,44303,Caution,Yellow,16481.0,1.12,0.1
58,Ward 58,2026-09-16,34.25,74.42,31.44,41.61,47.3,37.0,0.95,51.8,88465,Caution,Yellow,32732.0,1.12,0.2
126,Ward 126,2026-09-16,34.32,73.02,31.64,42.0,49.3,36.3,1.42,41.4,31631,Caution,Yellow,11482.0,1.12,0.08
74,Ward 74,2026-09-16,34.31,73.02,31.42,41.28,47.1,35.5,1.21,45.1,42176,Caution,Yellow,14972.0,1.12,0.1
46,Ward 46,2026-09-16,34.13,73.77,31.33,41.05,46.1,35.4,1.03,48.6,12823,Caution,Yellow,4539.0,1.11,0.03
109,Ward 109,2026-09-16,34.14,74.6,31.38,41.6,46.6,35.3,1.14,46.2,64567,Caution,Yellow,22792.0,1.12,0.15
97,Ward 97,2026-09-16,34.25,73.31,31.6,41.9,48.9,35.1,1.35,37.4,37199,Caution,Yellow,13057.0,1.12,0.09
87,Ward 87,2026-09-16,34.15,73.69,31.33,41.06,46.1,33.3,1.05,38.2,12675,Caution,Yellow,4221.0,1.11,0.03
45,Ward 45,2026-09-16,33.1,78.27,31.01,40.33,42.9,33.1,0.0,49.3,8394,Caution,Yellow,2778.0,1.1,0.02
108,Ward 108,2026-09-16,33.66,76.99,31.14,40.81,44.2,33.1,0.36,44.3,64777,Caution,Yellow,21441.0,1.11,0.14
80,Ward 80,2026-09-16,33.14,78.1,30.82,39.73,41.0,32.0,0.04,51.2,31094,Caution,Yellow,9950.0,1.1,0.06
94,Ward 94,2026-09-16,33.47,76.68,31.21,40.86,44.9,31.6,0.57,34.3,27469,Caution,Yellow,8680.0,1.11,0.06
90,Ward 90,2026-09-16,33.55,76.27,31.03,40.26,43.1,30.7,0.45,36.3,18857,Caution,Yellow,5789.0,1.11,0.04
63,Ward 63,2026-09-16,33.18,77.91,30.84,39.76,41.2,30.3,0.08,41.1,24387,Caution,Yellow,7389.0,1.1,0.05
24,Ward 24,2026-09-17,35.67,71.48,33.42,46.37,68.8,62.8,3.47,80.5,19824,Danger,Orange,12449.0,1.17,0.07
23,Ward 23,2026-09-17,35.7,71.36,33.44,46.41,69.0,61.9,3.5,77.0,18256,Danger,Orange,11300.0,1.18,0.06
49,Ward 49,2026-09-17,35.72,72.54,33.26,45.6,67.0,61.8,3.22,82.7,19416,Danger,Orange,11999.0,1.17,0.06
54,Ward 54,2026-09-17,35.79,72.77,33.49,47.26,69.6,61.0,3.39,72.5,36235,Danger,Orange,22103.0,1.18,0.13
39,Ward 39,2026-09-17,35.44,72.42,33.32,46.08,67.6,60.8,3.24,77.7,21296,Danger,Orange,12948.0,1.17,0.07
29,Ward 29,2026-09-17,35.79,72.25,33.29,45.71,67.3,60.7,3.29,78.3,53782,Danger,Orange,32646.0,1.17,0.18
18,Ward 18,2026-09-17,35.63,71.64,33.41,46.35,68.7,59.8,3.43,71.1,22267,Danger,Orange,13316.0,1.17,0.08
28,Ward 28,2026-09-17,35.82,72.13,33.31,45.74,67.5,59.2,3.32,72.7,38110,Danger,Orange,22561.0,1.17,0.13
42,Ward 42,2026-09-17,35.26,73.16,33.23,45.83,66.6,59.1,3.06,74.9,21746,Danger,Orange,12852.0,1.17,0.07
48,Ward 48,2026-09-17,35.52,72.08,33.35,46.17,68.0,59.0,3.32,70.7,20437,Danger,Orange,12058.0,1.17,0.07
43,Ward 43,2026-09-17,35.37,72.7,33.28,45.97,67.2,58.7,3.17,71.9,17677,Danger,Orange,10376.0,1.17,0.06
77,Ward 77,2026-09-17,35.8,71.64,33.26,46.1,67.0,58.6,3.4,72.2,45984,Danger,Orange,26947.0,1.17,0.15
37,Ward 37,2026-09-17,35.66,72.8,33.23,45.53,66.6,57.7,3.16,70.2,24020,Danger,Orange,13860.0,1.17,0.08
19,Ward 19,2026-09-17,35.51,72.12,33.36,46.19,68.1,57.2,3.31,64.3,21158,Danger,Orange,12102.0,1.17,0.07
41,Ward 41,2026-09-17,35.26,73.16,33.23,45.83,66.6,57.2,3.06,68.6,19946,Danger,Orange,11409.0,1.17,0.07
62,Ward 62,2026-09-17,35.7,72.04,33.21,45.95,66.4,57.0,3.3,68.4,34832,Danger,Orange,19854.0,1.17,0.12
26,Ward 26,2026-09-17,35.28,73.08,33.23,45.84,66.6,56.4,3.08,65.9,25371,Danger,Orange,14309.0,1.17,0.08
60,Ward 60,2026-09-17,35.34,74.65,33.26,46.64,67.0,56.3,2.94,64.6,35732,Danger,Orange,20117.0,1.17,0.12
25,Ward 25,2026-09-17,35.33,72.87,33.27,45.94,67.1,56.2,3.13,63.8,27484,Danger,Orange,15446.0,1.17,0.09
65,Ward 65,2026-09-17,35.3,74.83,33.25,46.62,66.8,56.0,2.9,64.2,72427,Danger,Orange,40559.0,1.17,0.24
21,Ward 21,2026-09-17,35.16,73.57,33.18,45.68,66.1,55.9,2.96,65.8,21187,Danger,Orange,11844.0,1.17,0.07
78,Ward 78,2026-09-17,35.58,72.52,33.15,45.79,65.7,55.9,3.18,66.7,54090,Danger,Orange,30236.0,1.17,0.18
66,Ward 66,2026-09-17,35.25,75.05,33.22,46.51,66.5,55.8,2.85,64.3,98024,Danger,Orange,54697.0,1.17,0.33
44,Ward 44,2026-09-17,35.07,73.95,33.13,45.55,65.5,55.2,2.87,65.2,29600,Danger,Orange,16339.0,1.17,0.1
20,Ward 20,2026-09-17,35.26,73.16,33.23,45.83,66.6,55.1,3.06,61.7,21576,Danger,Orange,11888.0,1.17,0.07
135,Ward 135,2026-09-17,35.08,74.62,32.91,45.13,63.0,55.0,2.68,71.9,33258,Danger,Orange,18292.0,1.16,0.1
56,Ward 56,2026-09-17,35.35,74.62,33.27,46.67,67.1,54.8,2.95,59.2,43622,Danger,Orange,23905.0,1.17,0.15
16,Ward 16,2026-09-17,35.56,73.2,33.18,45.38,66.1,54.4,3.06,60.7,20904,Danger,Orange,11372.0,1.17,0.07
52,Ward 52,2026-09-17,35.47,72.99,33.1,45.66,65.2,54.2,3.07,62.4,16869,Danger,Orange,9143.0,1.16,0.05
134,Ward 134,2026-09-17,34.85,75.62,32.8,44.82,61.8,54.1,2.45,72.2,35780,Danger,Orange,19357.0,1.16,0.11
11,Ward 11,2026-09-17,35.56,73.2,33.18,45.38,66.1,53.9,3.06,59.0,22152,Danger,Orange,11940.0,1.17,0.07
53,Ward 53,2026-09-17,35.49,72.9,33.11,45.67,65.3,53.5,3.09,59.7,25598,Danger,Orange,13695.0,1.16,0.08
38,Ward 38,2026-09-17,35.42,73.78,33.1,45.17,65.2,53.4,2.92,59.7,28791,Danger,Orange,15374.0,1.16,0.09
10,Ward 10,2026-09-17,35.47,73.58,33.14,45.27,65.6,52.8,2.97,56.8,27700,Danger,Orange,14626.0,1.17,0.09
138,Ward 138,2026-09-17,34.0,81.58,32.99,45.89,63.9,52.6,1.8,60.7,28858,Danger,Orange,15179.0,1.16,0.09
40,Ward 40,2026-09-17,35.33,74.17,33.06,45.05,64.7,52.5,2.83,58.1,20549,Danger,Orange,10788.0,1.16,0.07
59,Ward 59,2026-09-17,34.86,76.74,33.04,46.0,64.5,52.3,2.46,57.8,70261,Danger,Orange,36747.0,1.16,0.23
61,Ward 61,2026-09-17,35.11,74.5,32.92,45.17,63.1,52.2,2.71,61.6,29704,Danger,Orange,15505.0,1.16,0.09
75,Ward 75,2026-09-17,35.11,74.5,32.92,45.17,63.1,52.0,2.71,61.0,26925,Danger,Orange,14001.0,1.16,0.08
95,Ward 95,2026-09-17,34.69,77.86,33.36,46.92,68.1,52.0,2.29,47.6,26737,Danger,Orange,13903.0,1.17,0.09
96,Ward 96,2026-09-17,34.73,77.69,33.37,46.95,68.2,52.0,2.33,47.3,31033,Danger,Orange,16137.0,1.17,0.11
116,Ward 116,2026-09-17,34.49,78.77,33.26,46.62,67.0,51.8,2.09,49.7,28338,Danger,Orange,14679.0,1.17,0.09
36,Ward 36,2026-09-17,34.6,77.32,32.7,44.06,60.7,51.7,2.1,66.9,27238,Danger,Orange,14082.0,1.15,0.08
88,Ward 88,2026-09-17,35.2,74.12,32.97,45.29,63.7,51.7,2.8,58.0,23672,Danger,Orange,12238.0,1.16,0.08
98,Ward 98,2026-09-17,34.73,77.69,33.37,46.95,68.2,51.7,2.33,46.3,31708,Danger,Orange,16393.0,1.17,0.11
83,Ward 83,2026-09-17,35.18,74.21,32.96,45.28,63.6,51.6,2.78,57.9,22163,Danger,Orange,11436.0,1.16,0.07
99,Ward 99,2026-09-17,34.81,77.95,33.28,47.06,67.2,51.6,2.41,48.4,26739,Danger,Orange,13797.0,1.17,0.09
9,Ward 9,2026-09-17,35.02,74.17,33.11,45.5,65.3,51.5,2.82,53.2,16420,Danger,Orange,8456.0,1.16,0.05
30,Ward 30,2026-09-17,35.3,74.3,33.05,45.02,64.6,51.5,2.8,55.1,30050,Danger,Orange,15476.0,1.16,0.1
22,Ward 22,2026-09-17,34.71,75.49,32.95,45.04,63.5,51.1,2.51,56.7,15730,Danger,Orange,8038.0,1.16,0.05
84,Ward 84,2026-09-17,35.02,74.88,32.88,45.04,62.7,51.0,2.62,58.6,19230,Danger,Orange,9807.0,1.16,0.06
91,Ward 91,2026-09-17,34.93,76.43,33.06,46.07,64.7,50.9,2.53,52.5,38450,Danger,Orange,19571.0,1.16,0.12
103,Ward 103,2026-09-17,34.71,78.4,33.24,46.93,66.7,50.9,2.31,47.3,25428,Danger,Orange,12943.0,1.17,0.08
112,Ward 112,2026-09-17,34.44,78.98,33.23,46.55,66.6,50.9,2.04,47.5,32404,Danger,Orange,16494.0,1.17,0.11
14,Ward 14,2026-09-17,35.21,74.67,33.0,44.9,64.0,50.8,2.71,54.2,53343,Danger,Orange,27098.0,1.16,0.17
76,Ward 76,2026-09-17,35.15,74.33,32.95,45.24,63.5,50.8,2.75,55.5,21946,Danger,Orange,11149.0,1.16,0.07
113,Ward 113,2026-09-17,34.41,79.14,33.22,46.5,66.5,50.8,2.01,47.7,33475,Danger,Orange,17005.0,1.17,0.11
47,Ward 47,2026-09-17,34.74,75.37,32.97,45.09,63.7,50.7,2.54,54.7,14684,Danger,Orange,7445.0,1.16,0.05
67,Ward 67,2026-09-17,34.81,76.96,33.01,45.94,64.1,50.7,2.41,53.4,56284,Danger,Orange,28536.0,1.16,0.18
123,Ward 123,2026-09-17,34.4,79.16,33.21,46.47,66.4,50.7,2.0,47.5,35386,Danger,Orange,17941.0,1.17,0.12
115,Ward 115,2026-09-17,34.5,78.71,33.25,46.6,66.8,50.6,2.1,46.0,31919,Danger,Orange,16151.0,1.17,0.11
17,Ward 17,2026-09-17,35.34,74.13,33.07,45.08,64.8,50.5,2.84,51.0,21023,Danger,Orange,10617.0,1.16,0.07
114,Ward 114,2026-09-17,34.34,79.44,33.18,46.37,66.1,50.5,1.94,47.4,41913,Danger,Orange,21166.0,1.17,0.14
13,Ward 13,2026-09-17,35.02,75.49,32.91,44.63,63.0,50.4,2.52,55.4,33066,Danger,Orange,16665.0,1.16,0.1
27,Ward 27,2026-09-17,35.13,75.02,32.97,44.81,63.7,50.4,2.63,53.7,19350,Danger,Orange,9752.0,1.16,0.06
73,Ward 73,2026-09-17,35.07,74.67,32.9,45.1,62.9,50.4,2.67,55.8,23512,Danger,Orange,11850.0,1.16,0.07
101,Ward 101,2026-09-17,34.6,78.88,33.18,46.78,66.1,50.4,2.2,47.2,40208,Danger,Orange,20265.0,1.17,0.13
82,Ward 82,2026-09-17,35.04,74.79,32.89,45.05,62.8,50.3,2.64,55.7,38838,Danger,Orange,19536.0,1.16,0.12
121,Ward 121,2026-09-17,34.32,79.53,33.17,46.36,65.9,50.3,1.92,47.5,29921,Danger,Orange,15050.0,1.17,0.1
139,Ward 139,2026-09-17,33.6,83.48,32.81,45.33,61.9,50.3,1.4,58.5,42014,Danger,Orange,21133.0,1.16,0.13
3,Ward 3,2026-09-17,35.08,75.23,32.93,44.71,63.2,50.2,2.58,54.4,53855,Danger,Orange,27035.0,1.16,0.17
8,Ward 8,2026-09-17,35.28,74.38,33.04,45.01,64.5,50.2,2.78,50.9,18760,Danger,Orange,9418.0,1.16,0.06
55,Ward 55,2026-09-17,34.72,77.36,32.97,45.81,63.7,50.2,2.32,52.9,32254,Danger,Orange,16192.0,1.16,0.1
85,Ward 85,2026-09-17,35.01,74.92,32.87,45.01,62.6,50.2,2.61,56.0,29566,Danger,Orange,14842.0,1.16,0.09
64,Ward 64,2026-09-17,34.65,77.68,32.93,45.69,63.2,50.1,2.25,54.1,31280,Danger,Orange,15671.0,1.16,0.1
124,Ward 124,2026-09-17,34.23,79.95,33.12,46.21,65.4,50.1,1.83,47.9,39179,Danger,Orange,19629.0,1.16,0.13
7,Ward 7,2026-09-17,35.11,75.1,32.95,44.75,63.5,50.0,2.61,52.6,19180,Danger,Orange,9590.0,1.16,0.06
34,Ward 34,2026-09-17,34.96,76.31,33.08,46.11,64.9,50.0,2.56,49.0,29773,Danger,Orange,14886.0,1.16,0.1
15,Ward 15,2026-09-17,35.11,75.1,32.95,44.75,63.5,49.9,2.61,52.4,23922,Caution,Yellow,11937.0,1.16,0.08
128,Ward 128,2026-09-17,34.32,79.53,33.17,46.36,65.9,49.9,1.92,46.1,32179,Caution,Yellow,16057.0,1.17,0.11
1,Ward 1,2026-09-17,35.03,75.45,32.91,44.66,63.0,49.8,2.53,53.6,53125,Caution,Yellow,26456.0,1.16,0.17
125,Ward 125,2026-09-17,34.21,80.05,33.12,46.19,65.4,49.7,1.81,46.6,44850,Caution,Yellow,22290.0,1.16,0.15
50,Ward 50,2026-09-17,35.03,74.83,32.89,45.07,62.8,49.5,2.63,53.0,17251,Caution,Yellow,8539.0,1.16,0.05
102,Ward 102,2026-09-17,34.5,79.34,33.13,46.6,65.5,49.4,2.1,45.5,21503,Caution,Yellow,10622.0,1.17,0.07
35,Ward 35,2026-09-17,35.14,74.98,32.96,44.79,63.6,49.3,2.64,49.9,35024,Caution,Yellow,17267.0,1.16,0.11
4,Ward 4,2026-09-17,35.01,75.54,32.9,44.6,62.9,49.2,2.51,51.5,34476,Caution,Yellow,16962.0,1.16,0.11
81,Ward 81,2026-09-17,34.84,75.65,32.79,44.79,61.7,49.2,2.44,55.1,41501,Caution,Yellow,20418.0,1.16,0.13
133,Ward 133,2026-09-17,34.77,75.96,32.76,44.72,61.4,49.0,2.37,55.1,25588,Caution,Yellow,12538.0,1.16,0.08
132,Ward 132,2026-09-17,34.78,75.92,32.76,44.7,61.4,48.7,2.38,53.9,26274,Caution,Yellow,12795.0,1.16,0.08
141,Ward 141,2026-09-17,33.38,84.55,32.69,44.97,60.6,48.6,1.18,55.9,41152,Caution,Yellow,20000.0,1.15,0.12
51,Ward 51,2026-09-17,34.96,75.15,32.85,44.96,62.4,48.4,2.56,50.0,13556,Caution,Yellow,6561.0,1.16,0.04
105,Ward 105,2026-09-17,34.78,77.1,33.0,45.9,64.0,48.4,2.38,45.8,21267,Caution,Yellow,10293.0,1.16,0.07
140,Ward 140,2026-09-17,33.27,85.08,32.65,44.84,60.1,48.4,1.07,56.8,30504,Caution,Yellow,14764.0,1.15,0.09
68,Ward 68,2026-09-17,34.53,78.2,32.87,45.5,62.6,48.3,2.13,49.4,20724,Caution,Yellow,10010.0,1.16,0.06
72,Ward 72,2026-09-17,34.8,75.82,32.76,44.71,61.4,48.3,2.4,52.6,19167,Caution,Yellow,9258.0,1.16,0.06
100,Ward 100,2026-09-17,34.35,80.04,33.06,46.41,64.7,48.3,1.95,43.6,25507,Caution,Yellow,12320.0,1.16,0.08
111,Ward 111,2026-09-17,34.22,80.62,33.0,46.23,64.0,48.3,1.82,45.5,38647,Caution,Yellow,18667.0,1.16,0.12
117,Ward 117,2026-09-17,34.74,76.09,32.75,44.67,61.2,48.3,2.34,53.1,21824,Caution,Yellow,10541.0,1.16,0.07
127,Ward 127,2026-09-17,33.97,81.17,33.0,45.84,64.0,47.9,1.57,44.0,43782,Caution,Yellow,20972.0,1.16,0.14
118,Ward 118,2026-09-17,34.7,76.27,32.72,44.6,60.9,47.8,2.3,52.3,21810,Caution,Yellow,10425.0,1.15,0.07
122,Ward 122,2026-09-17,33.95,81.27,32.99,45.82,63.9,47.8,1.55,43.9,39198,Caution,Yellow,18737.0,1.16,0.12
12,Ward 12,2026-09-17,34.71,76.84,32.75,44.19,61.2,47.7,2.21,51.1,21493,Caution,Yellow,10252.0,1.16,0.07
89,Ward 89,2026-09-17,34.83,75.7,32.78,44.76,61.6,47.7,2.43,50.0,22304,Caution,Yellow,10639.0,1.16,0.07
110,Ward 110,2026-09-17,34.13,81.07,32.95,46.08,63.5,47.7,1.73,44.7,27470,Caution,Yellow,13103.0,1.16,0.09
32,Ward 32,2026-09-17,34.5,77.77,32.64,43.9,60.0,47.6,2.0,54.1,45636,Caution,Yellow,21723.0,1.15,0.14
120,Ward 120,2026-09-17,34.77,75.96,32.76,44.72,61.4,47.6,2.37,49.9,19710,Caution,Yellow,9382.0,1.16,0.06
6,Ward 6,2026-09-17,34.53,77.65,32.66,43.95,60.3,47.5,2.03,52.9,42346,Caution,Yellow,20114.0,1.15,0.13
31,Ward 31,2026-09-17,34.7,76.89,32.75,44.21,61.2,47.5,2.2,50.1,39025,Caution,Yellow,18537.0,1.16,0.12
104,Ward 104,2026-09-17,34.71,77.4,32.96,45.78,63.6,47.5,2.31,43.9,33185,Caution,Yellow,15763.0,1.16,0.11
92,Ward 92,2026-09-17,34.54,78.15,32.87,45.54,62.6,47.1,2.14,44.8,36450,Caution,Yellow,17168.0,1.16,0.11
57,Ward 57,2026-09-17,34.12,80.06,32.67,44.94,60.4,47.0,1.72,50.6,49856,Caution,Yellow,23432.0,1.15,0.15
107,Ward 107,2026-09-17,34.3,79.23,32.76,45.22,61.4,47.0,1.9,47.8,54260,Caution,Yellow,25502.0,1.16,0.17
2,Ward 2,2026-09-17,34.81,76.41,32.8,44.35,61.8,46.9,2.31,46.3,48190,Caution,Yellow,22601.0,1.16,0.15
106,Ward 106,2026-09-17,34.4,78.78,32.81,45.34,61.9,46.9,2.0,46.1,40618,Caution,Yellow,19050.0,1.16,0.13
130,Ward 130,2026-09-17,34.6,76.7,32.67,44.44,60.4,46.8,2.2,49.8,23227,Caution,Yellow,10870.0,1.15,0.07
71,Ward 71,2026-09-17,34.68,76.35,32.72,44.59,60.9,46.7,2.28,48.2,29922,Caution,Yellow,13974.0,1.15,0.09
126,Ward 126,2026-09-17,33.82,81.84,32.93,45.63,63.2,46.5,1.42,41.4,31631,Caution,Yellow,14708.0,1.16,0.1
131,Ward 131,2026-09-17,34.55,76.92,32.64,44.38,60.0,46.2,2.15,48.9,30911,Caution,Yellow,14281.0,1.15,0.09
137,Ward 137,2026-09-17,34.01,79.35,32.38,43.61,57.2,46.1,1.61,56.7,19385,Caution,Yellow,8936.0,1.14,0.06
69,Ward 69,2026-09-17,34.38,77.67,32.56,44.14,59.2,46.0,1.98,50.6,44111,Caution,Yellow,20291.0,1.15,0.13
136,Ward 136,2026-09-17,34.37,77.72,32.55,44.11,59.0,46.0,1.97,51.0,21482,Caution,Yellow,9882.0,1.15,0.06
93,Ward 93,2026-09-17,34.52,77.05,32.63,44.34,59.9,45.8,2.12,47.7,44364,Caution,Yellow,20319.0,1.15,0.13
109,Ward 109,2026-09-17,33.54,83.87,32.67,45.23,60.4,45.8,1.14,46.2,64567,Caution,Yellow,29572.0,1.15,0.19
119,Ward 119,2026-09-17,34.56,76.88,32.65,44.41,60.1,45.7,2.16,46.9,16491,Caution,Yellow,7536.0,1.15,0.05
129,Ward 129,2026-09-17,34.38,77.67,32.56,44.14,59.2,45.3,1.98,47.9,39654,Caution,Yellow,17963.0,1.15,0.12
97,Ward 97,2026-09-17,33.75,82.2,32.9,45.54,62.9,45.2,1.35,37.4,37199,Caution,Yellow,16814.0,1.16,0.12
70,Ward 70,2026-09-17,34.46,77.32,32.6,44.25,59.6,45.1,2.06,46.0,18618,Caution,Yellow,8397.0,1.15,0.06
86,Ward 86,2026-09-17,34.33,77.9,32.54,44.09,58.9,44.9,1.93,47.1,19195,Caution,Yellow,8619.0,1.15,0.06
33,Ward 33,2026-09-17,34.09,80.2,32.65,44.89,60.1,44.5,1.69,42.5,45919,Caution,Yellow,20434.0,1.15,0.14
58,Ward 58,2026-09-17,33.35,83.71,32.29,43.84,56.2,44.0,0.95,51.8,88465,Caution,Yellow,38925.0,1.14,0.25
79,Ward 79,2026-09-17,33.85,80.09,32.3,43.4,56.3,43.4,1.45,49.2,44303,Caution,Yellow,19228.0,1.14,0.12
5,Ward 5,2026-09-17,34.2,79.13,32.51,43.53,58.6,43.3,1.7,42.1,23707,Caution,Yellow,10265.0,1.15,0.07
46,Ward 46,2026-09-17,33.43,82.05,32.1,42.82,54.2,41.7,1.03,48.6,12823,Caution,Yellow,5347.0,1.14,0.03
74,Ward 74,2026-09-17,33.61,81.2,32.18,43.06,55.0,41.4,1.21,45.1,42176,Caution,Yellow,17461.0,1.14,0.12
94,Ward 94,2026-09-17,32.97,85.98,32.52,44.38,58.7,41.3,0.57,34.3,27469,Caution,Yellow,11345.0,1.15,0.08
108,Ward 108,2026-09-17,32.76,86.61,32.0,42.96,53.1,39.8,0.36,44.3,64777,Caution,Yellow,25781.0,1.13,0.17
87,Ward 87,2026-09-17,33.45,81.96,32.1,42.83,54.2,39.1,1.05,38.2,12675,Caution,Yellow,4956.0,1.14,0.03
45,Ward 45,2026-09-17,32.2,87.25,31.73,41.46,50.3,38.8,0.0,49.3,8394,Caution,Yellow,3257.0,1.13,0.02
80,Ward 80,2026-09-17,32.44,86.89,31.61,41.35,49.0,38.2,0.04,51.2,31094,Caution,Yellow,11878.0,1.12,0.07
90,Ward 90,2026-09-17,32.85,84.83,31.81,41.97,51.1,36.5,0.45,36.3,18857,Caution,Yellow,6883.0,1.13,0.05
63,Ward 63,2026-09-17,32.48,86.68,31.62,41.39,49.1,36.1,0.08,41.1,24387,Caution,Yellow,8804.0,1.12,0.06
24,Ward 24,2026-09-18,35.67,71.55,33.26,46.37,67.0,61.1,3.47,80.5,19824,Danger,Orange,12112.0,1.17,0.07
23,Ward 23,2026-09-18,35.7,71.43,33.27,46.41,67.1,60.2,3.5,77.0,18256,Danger,Orange,10990.0,1.17,0.06
49,Ward 49,2026-09-18,35.62,72.7,33.09,46.32,65.0,59.9,3.22,82.7,19416,Danger,Orange,11630.0,1.16,0.06
54,Ward 54,2026-09-18,35.49,73.31,33.34,47.06,67.9,59.5,3.39,72.5,36235,Danger,Orange,21560.0,1.17,0.12
77,Ward 77,2026-09-18,35.6,72.97,33.33,46.1,67.8,59.3,3.4,72.2,45984,Danger,Orange,27269.0,1.17,0.16
39,Ward 39,2026-09-18,35.44,72.5,33.15,46.08,65.7,59.1,3.24,77.7,21296,Danger,Orange,12586.0,1.17,0.07
29,Ward 29,2026-09-18,35.69,72.42,33.12,46.43,65.4,59.0,3.29,78.3,53782,Danger,Orange,31731.0,1.16,0.18
18,Ward 18,2026-09-18,35.63,71.72,33.25,46.35,66.8,58.1,3.43,71.1,22267,Danger,Orange,12937.0,1.17,0.07
62,Ward 62,2026-09-18,35.5,73.4,33.28,45.95,67.2,57.6,3.3,68.4,34832,Danger,Orange,20063.0,1.17,0.12
28,Ward 28,2026-09-18,35.72,72.3,33.14,46.47,65.6,57.5,3.32,72.7,38110,Danger,Orange,21913.0,1.17,0.12
42,Ward 42,2026-09-18,35.26,73.25,33.06,45.83,64.7,57.4,3.06,74.9,21746,Danger,Orange,12482.0,1.16,0.07
48,Ward 48,2026-09-18,35.52,72.16,33.18,46.17,66.1,57.4,3.32,70.7,20437,Danger,Orange,11731.0,1.17,0.07
43,Ward 43,2026-09-18,35.37,72.78,33.11,45.97,65.3,57.0,3.17,71.9,17677,Danger,Orange,10076.0,1.16,0.06
78,Ward 78,2026-09-18,35.38,73.88,33.22,45.79,66.5,56.5,3.18,66.7,54090,Danger,Orange,30561.0,1.17,0.18
37,Ward 37,2026-09-18,35.56,72.96,33.06,46.23,64.7,56.0,3.16,70.2,24020,Danger,Orange,13451.0,1.16,0.08
135,Ward 135,2026-09-18,34.88,76.04,32.98,45.13,63.8,55.7,2.68,71.9,33258,Danger,Orange,18525.0,1.16,0.11
19,Ward 19,2026-09-18,35.51,72.22,33.19,46.19,66.2,55.6,3.31,64.3,21158,Danger,Orange,11764.0,1.17,0.07
41,Ward 41,2026-09-18,35.26,73.25,33.06,45.83,64.7,55.6,3.06,68.6,19946,Danger,Orange,11090.0,1.16,0.06
60,Ward 60,2026-09-18,35.04,75.21,33.13,46.41,65.5,55.1,2.94,64.6,35732,Danger,Orange,19688.0,1.17,0.12
26,Ward 26,2026-09-18,35.28,73.16,33.07,45.84,64.8,54.9,3.08,65.9,25371,Danger,Orange,13929.0,1.16,0.08
134,Ward 134,2026-09-18,34.65,77.05,32.87,44.82,62.6,54.8,2.45,72.2,35780,Danger,Orange,19607.0,1.16,0.11
52,Ward 52,2026-09-18,35.27,74.35,33.17,45.66,65.9,54.7,3.07,62.4,16869,Danger,Orange,9227.0,1.17,0.06
65,Ward 65,2026-09-18,35.0,75.38,33.1,46.39,65.2,54.7,2.9,64.2,72427,Danger,Orange,39618.0,1.16,0.24
25,Ward 25,2026-09-18,35.33,72.95,33.1,45.94,65.2,54.6,3.13,63.8,27484,Danger,Orange,15006.0,1.16,0.09
138,Ward 138,2026-09-18,33.8,82.44,33.2,44.67,66.3,54.6,1.8,60.7,28858,Danger,Orange,15756.0,1.17,0.1
66,Ward 66,2026-09-18,34.95,75.59,33.08,46.28,64.9,54.5,2.85,64.3,98024,Danger,Orange,53423.0,1.16,0.32
21,Ward 21,2026-09-18,35.16,73.67,33.01,45.68,64.1,54.2,2.96,65.8,21187,Danger,Orange,11483.0,1.16,0.07
53,Ward 53,2026-09-18,35.29,74.26,33.18,45.67,66.1,54.1,3.09,59.7,25598,Danger,Orange,13849.0,1.17,0.08
44,Ward 44,2026-09-18,35.07,74.04,32.96,45.55,63.6,53.6,2.87,65.2,29600,Danger,Orange,15866.0,1.16,0.09
20,Ward 20,2026-09-18,35.26,73.25,33.06,45.83,64.7,53.5,3.06,61.7,21576,Danger,Orange,11543.0,1.16,0.07
56,Ward 56,2026-09-18,35.05,75.16,33.13,46.44,65.5,53.5,2.95,59.2,43622,Danger,Orange,23338.0,1.17,0.14
99,Ward 99,2026-09-18,34.31,79.14,33.46,46.0,69.2,53.1,2.41,48.4,26739,Danger,Orange,14198.0,1.18,0.09
61,Ward 61,2026-09-18,34.91,75.91,33.0,45.17,64.0,52.9,2.71,61.6,29704,Danger,Orange,15713.0,1.16,0.09
16,Ward 16,2026-09-18,35.46,73.37,33.01,46.07,64.1,52.8,3.06,60.7,20904,Danger,Orange,11037.0,1.16,0.07
75,Ward 75,2026-09-18,34.91,75.91,33.0,45.17,64.0,52.8,2.71,61.0,26925,Danger,Orange,14216.0,1.16,0.09
103,Ward 103,2026-09-18,34.21,79.6,33.41,45.86,68.7,52.4,2.31,47.3,25428,Danger,Orange,13324.0,1.17,0.09
11,Ward 11,2026-09-18,35.46,73.37,33.01,46.07,64.1,52.3,3.06,59.0,22152,Danger,Orange,11585.0,1.16,0.07
83,Ward 83,2026-09-18,34.98,75.6,33.04,45.28,64.5,52.3,2.78,57.9,22163,Danger,Orange,11591.0,1.16,0.07
88,Ward 88,2026-09-18,35.0,75.52,33.04,45.29,64.5,52.3,2.8,58.0,23672,Danger,Orange,12380.0,1.16,0.08
139,Ward 139,2026-09-18,33.4,84.35,33.01,44.08,64.1,52.1,1.4,58.5,42014,Danger,Orange,21889.0,1.16,0.13
38,Ward 38,2026-09-18,35.32,73.95,32.94,45.89,63.4,51.9,2.92,59.7,28791,Danger,Orange,14943.0,1.16,0.09
101,Ward 101,2026-09-18,34.1,80.1,33.36,45.7,68.1,51.9,2.2,47.2,40208,Danger,Orange,20868.0,1.17,0.14
84,Ward 84,2026-09-18,34.82,76.3,32.95,45.04,63.5,51.7,2.62,58.6,19230,Danger,Orange,9942.0,1.16,0.06
76,Ward 76,2026-09-18,34.95,75.73,33.02,45.24,64.3,51.4,2.75,55.5,21946,Danger,Orange,11280.0,1.16,0.07
95,Ward 95,2026-09-18,34.09,79.93,33.28,46.24,67.2,51.4,2.29,47.6,26737,Danger,Orange,13743.0,1.17,0.09
10,Ward 10,2026-09-18,35.37,73.74,32.97,45.94,63.7,51.3,2.97,56.8,27700,Danger,Orange,14210.0,1.16,0.09
96,Ward 96,2026-09-18,34.13,79.74,33.29,46.27,67.3,51.3,2.33,47.3,31033,Danger,Orange,15920.0,1.17,0.1
40,Ward 40,2026-09-18,35.23,74.34,32.89,45.75,62.8,51.0,2.83,58.1,20549,Danger,Orange,10480.0,1.16,0.06
73,Ward 73,2026-09-18,34.87,76.07,32.97,45.1,63.7,51.0,2.67,55.8,23512,Danger,Orange,11991.0,1.16,0.07
98,Ward 98,2026-09-18,34.13,79.74,33.29,46.27,67.3,51.0,2.33,46.3,31708,Danger,Orange,16171.0,1.17,0.11
116,Ward 116,2026-09-18,33.89,80.85,33.17,45.91,65.9,51.0,2.09,49.7,28338,Danger,Orange,14452.0,1.17,0.09
59,Ward 59,2026-09-18,34.56,77.31,32.89,45.75,62.8,50.9,2.46,57.8,70261,Danger,Orange,35763.0,1.16,0.22
82,Ward 82,2026-09-18,34.84,76.2,32.96,45.05,63.6,50.9,2.64,55.7,38838,Danger,Orange,19769.0,1.16,0.12
102,Ward 102,2026-09-18,34.0,80.56,33.31,45.56,67.5,50.9,2.1,45.5,21503,Danger,Orange,10945.0,1.17,0.07
85,Ward 85,2026-09-18,34.81,76.34,32.94,45.01,63.4,50.8,2.61,56.0,29566,Danger,Orange,15020.0,1.16,0.09
141,Ward 141,2026-09-18,33.18,85.44,32.9,43.74,62.9,50.4,1.18,55.9,41152,Danger,Orange,20741.0,1.16,0.13
140,Ward 140,2026-09-18,33.07,86.0,32.85,43.61,62.4,50.3,1.07,56.8,30504,Danger,Orange,15344.0,1.16,0.09
112,Ward 112,2026-09-18,33.84,81.09,33.15,45.84,65.7,50.2,2.04,47.5,32404,Danger,Orange,16267.0,1.17,0.11
30,Ward 30,2026-09-18,35.2,74.47,32.89,45.71,62.8,50.1,2.8,55.1,30050,Danger,Orange,15055.0,1.16,0.09
36,Ward 36,2026-09-18,34.5,77.51,32.54,44.73,58.9,50.1,2.1,66.9,27238,Danger,Orange,13646.0,1.15,0.08
50,Ward 50,2026-09-18,34.83,76.26,32.96,45.07,63.6,50.1,2.63,53.0,17251,Danger,Orange,8643.0,1.16,0.05
113,Ward 113,2026-09-18,33.81,81.22,33.13,45.79,65.5,50.1,2.01,47.7,33475,Danger,Orange,16771.0,1.17,0.11
123,Ward 123,2026-09-18,33.8,81.28,33.14,45.81,65.6,50.1,2.0,47.5,35386,Danger,Orange,17728.0,1.17,0.12
9,Ward 9,2026-09-18,35.02,74.24,32.94,45.5,63.4,50.0,2.82,53.2,16420,Danger,Orange,8210.0,1.16,0.05
115,Ward 115,2026-09-18,33.9,80.82,33.18,45.95,66.1,50.0,2.1,46.0,31919,Danger,Orange,15960.0,1.17,0.11
81,Ward 81,2026-09-18,34.64,77.09,32.86,44.79,62.5,49.9,2.44,55.1,41501,Caution,Yellow,20709.0,1.16,0.13
111,Ward 111,2026-09-18,33.72,81.87,33.18,45.16,66.1,49.9,1.82,45.5,38647,Caution,Yellow,19285.0,1.17,0.13
100,Ward 100,2026-09-18,33.85,81.26,33.24,45.35,66.7,49.8,1.95,43.6,25507,Caution,Yellow,12702.0,1.17,0.08
114,Ward 114,2026-09-18,33.74,81.56,33.1,45.7,65.2,49.8,1.94,47.4,41913,Caution,Yellow,20873.0,1.16,0.14
121,Ward 121,2026-09-18,33.72,81.66,33.1,45.68,65.2,49.8,1.92,47.5,29921,Caution,Yellow,14901.0,1.16,0.1
22,Ward 22,2026-09-18,34.71,75.57,32.78,45.04,61.6,49.6,2.51,56.7,15730,Caution,Yellow,7802.0,1.16,0.05
91,Ward 91,2026-09-18,34.63,77.0,32.92,45.87,63.1,49.6,2.53,52.5,38450,Caution,Yellow,19071.0,1.16,0.12
133,Ward 133,2026-09-18,34.57,77.4,32.83,44.72,62.1,49.6,2.37,55.1,25588,Caution,Yellow,12692.0,1.16,0.08
124,Ward 124,2026-09-18,33.63,82.07,33.05,45.53,64.6,49.5,1.83,47.9,39179,Caution,Yellow,19394.0,1.16,0.13
14,Ward 14,2026-09-18,35.11,74.85,32.84,45.58,62.2,49.4,2.71,54.2,53343,Caution,Yellow,26351.0,1.16,0.17
67,Ward 67,2026-09-18,34.51,77.52,32.86,45.69,62.5,49.4,2.41,53.4,56284,Caution,Yellow,27804.0,1.16,0.18
128,Ward 128,2026-09-18,33.72,81.66,33.1,45.68,65.2,49.4,1.92,46.1,32179,Caution,Yellow,15896.0,1.16,0.1
110,Ward 110,2026-09-18,33.63,82.28,33.14,45.01,65.6,49.3,1.73,44.7,27470,Caution,Yellow,13543.0,1.17,0.09
47,Ward 47,2026-09-18,34.74,75.46,32.8,45.09,61.8,49.2,2.54,54.7,14684,Caution,Yellow,7225.0,1.16,0.05
132,Ward 132,2026-09-18,34.58,77.35,32.83,44.7,62.1,49.2,2.38,53.9,26274,Caution,Yellow,12927.0,1.16,0.08
17,Ward 17,2026-09-18,35.24,74.3,32.9,45.79,62.9,49.0,2.84,51.0,21023,Caution,Yellow,10301.0,1.16,0.07
27,Ward 27,2026-09-18,35.03,75.19,32.81,45.48,61.9,49.0,2.63,53.7,19350,Caution,Yellow,9482.0,1.16,0.06
125,Ward 125,2026-09-18,33.61,82.17,33.04,45.51,64.5,49.0,1.81,46.6,44850,Caution,Yellow,21976.0,1.16,0.14
3,Ward 3,2026-09-18,34.98,75.4,32.77,45.42,61.5,48.9,2.58,54.4,53855,Caution,Yellow,26335.0,1.16,0.16
13,Ward 13,2026-09-18,34.92,75.67,32.75,45.33,61.2,48.9,2.52,55.4,33066,Caution,Yellow,16169.0,1.16,0.1
51,Ward 51,2026-09-18,34.76,76.56,32.92,44.96,63.1,48.9,2.56,50.0,13556,Caution,Yellow,6629.0,1.16,0.04
55,Ward 55,2026-09-18,34.42,77.92,32.82,45.55,62.0,48.9,2.32,52.9,32254,Caution,Yellow,15772.0,1.16,0.1
64,Ward 64,2026-09-18,34.35,78.24,32.78,45.47,61.6,48.9,2.25,54.1,31280,Caution,Yellow,15296.0,1.16,0.1
72,Ward 72,2026-09-18,34.6,77.26,32.84,44.71,62.2,48.9,2.4,52.6,19167,Caution,Yellow,9373.0,1.16,0.06
117,Ward 117,2026-09-18,34.54,77.52,32.82,44.67,62.0,48.9,2.34,53.1,21824,Caution,Yellow,10672.0,1.16,0.07
8,Ward 8,2026-09-18,35.18,74.55,32.87,45.7,62.6,48.8,2.78,50.9,18760,Caution,Yellow,9155.0,1.16,0.06
34,Ward 34,2026-09-18,34.66,76.88,32.94,45.91,63.4,48.8,2.56,49.0,29773,Caution,Yellow,14529.0,1.16,0.09
7,Ward 7,2026-09-18,35.01,75.27,32.79,45.46,61.7,48.5,2.61,52.6,19180,Caution,Yellow,9302.0,1.16,0.06
15,Ward 15,2026-09-18,35.01,75.27,32.79,45.46,61.7,48.5,2.61,52.4,23922,Caution,Yellow,11602.0,1.16,0.07
118,Ward 118,2026-09-18,34.5,77.71,32.79,44.6,61.7,48.5,2.3,52.3,21810,Caution,Yellow,10578.0,1.16,0.07
1,Ward 1,2026-09-18,34.93,75.62,32.75,45.36,61.2,48.4,2.53,53.6,53125,Caution,Yellow,25712.0,1.16,0.16
89,Ward 89,2026-09-18,34.63,77.13,32.85,44.76,62.4,48.4,2.43,50.0,22304,Caution,Yellow,10795.0,1.16,0.07
120,Ward 120,2026-09-18,34.57,77.4,32.83,44.72,62.1,48.1,2.37,49.9,19710,Caution,Yellow,9481.0,1.16,0.06
35,Ward 35,2026-09-18,35.04,75.16,32.8,45.51,61.8,47.9,2.64,49.9,35024,Caution,Yellow,16776.0,1.16,0.11
4,Ward 4,2026-09-18,34.91,75.71,32.74,45.3,61.1,47.8,2.51,51.5,34476,Caution,Yellow,16480.0,1.15,0.1
71,Ward 71,2026-09-18,34.48,77.8,32.79,44.59,61.7,47.3,2.28,48.2,29922,Caution,Yellow,14153.0,1.16,0.09
109,Ward 109,2026-09-18,33.04,85.15,32.85,44.15,62.4,47.3,1.14,46.2,64567,Caution,Yellow,30540.0,1.16,0.2
130,Ward 130,2026-09-18,34.4,78.15,32.74,44.44,61.1,47.3,2.2,49.8,23227,Caution,Yellow,10986.0,1.15,0.07
105,Ward 105,2026-09-18,34.48,77.66,32.85,45.64,62.4,47.2,2.38,45.8,21267,Caution,Yellow,10038.0,1.16,0.07
127,Ward 127,2026-09-18,33.37,83.32,32.92,45.17,63.1,47.2,1.57,44.0,43782,Caution,Yellow,20665.0,1.16,0.14
68,Ward 68,2026-09-18,34.23,78.77,32.73,45.28,61.0,47.1,2.13,49.4,20724,Caution,Yellow,9761.0,1.15,0.06
122,Ward 122,2026-09-18,33.35,83.42,32.91,45.15,63.0,47.1,1.55,43.9,39198,Caution,Yellow,18462.0,1.16,0.12
131,Ward 131,2026-09-18,34.35,78.37,32.72,44.38,60.9,46.9,2.15,48.9,30911,Caution,Yellow,14497.0,1.15,0.09
137,Ward 137,2026-09-18,33.81,80.85,32.45,43.61,58.0,46.7,1.61,56.7,19385,Caution,Yellow,9053.0,1.15,0.06
69,Ward 69,2026-09-18,34.18,79.16,32.63,44.14,59.9,46.6,1.98,50.6,44111,Caution,Yellow,20556.0,1.15,0.13
136,Ward 136,2026-09-18,34.17,79.19,32.62,44.11,59.8,46.6,1.97,51.0,21482,Caution,Yellow,10011.0,1.15,0.06
12,Ward 12,2026-09-18,34.61,77.02,32.6,44.89,59.6,46.5,2.21,51.1,21493,Caution,Yellow,9994.0,1.15,0.06
32,Ward 32,2026-09-18,34.4,77.95,32.5,44.61,58.5,46.4,2.0,54.1,45636,Caution,Yellow,21175.0,1.15,0.13
93,Ward 93,2026-09-18,34.32,78.52,32.7,44.34,60.7,46.4,2.12,47.7,44364,Caution,Yellow,20585.0,1.15,0.13
119,Ward 119,2026-09-18,34.36,78.34,32.73,44.41,61.0,46.4,2.16,46.9,16491,Caution,Yellow,7652.0,1.15,0.05
104,Ward 104,2026-09-18,34.41,77.98,32.81,45.56,61.9,46.3,2.31,43.9,33185,Caution,Yellow,15365.0,1.16,0.1
6,Ward 6,2026-09-18,34.43,77.83,32.51,44.65,58.6,46.2,2.03,52.9,42346,Caution,Yellow,19564.0,1.15,0.12
31,Ward 31,2026-09-18,34.6,77.06,32.59,44.86,59.5,46.1,2.2,50.1,39025,Caution,Yellow,17991.0,1.15,0.12
92,Ward 92,2026-09-18,34.24,78.74,32.74,45.32,61.1,45.9,2.14,44.8,36450,Caution,Yellow,16731.0,1.15,0.11
126,Ward 126,2026-09-18,33.22,84.04,32.85,44.95,62.4,45.9,1.42,41.4,31631,Caution,Yellow,14519.0,1.16,0.1
129,Ward 129,2026-09-18,34.18,79.16,32.63,44.14,59.9,45.9,1.98,47.9,39654,Caution,Yellow,18201.0,1.15,0.12
107,Ward 107,2026-09-18,34.0,79.83,32.62,44.93,59.8,45.8,1.9,47.8,54260,Caution,Yellow,24851.0,1.15,0.16
57,Ward 57,2026-09-18,33.82,80.66,32.53,44.69,58.8,45.7,1.72,50.6,49856,Caution,Yellow,22784.0,1.15,0.15
70,Ward 70,2026-09-18,34.26,78.79,32.67,44.25,60.4,45.7,2.06,46.0,18618,Caution,Yellow,8508.0,1.15,0.06
106,Ward 106,2026-09-18,34.1,79.37,32.66,45.11,60.3,45.7,2.0,46.1,40618,Caution,Yellow,18562.0,1.15,0.12
2,Ward 2,2026-09-18,34.71,76.58,32.64,45.06,60.0,45.5,2.31,46.3,48190,Caution,Yellow,21926.0,1.15,0.14
86,Ward 86,2026-09-18,34.13,79.38,32.61,44.09,59.7,45.5,1.93,47.1,19195,Caution,Yellow,8734.0,1.15,0.06
97,Ward 97,2026-09-18,33.15,84.38,32.82,44.85,62.0,44.5,1.35,37.4,37199,Caution,Yellow,16554.0,1.16,0.11
79,Ward 79,2026-09-18,33.65,81.61,32.37,43.4,57.1,44.0,1.45,49.2,44303,Caution,Yellow,19493.0,1.14,0.13
33,Ward 33,2026-09-18,33.79,80.8,32.52,44.64,58.7,43.5,1.69,42.5,45919,Caution,Yellow,19975.0,1.15,0.13
58,Ward 58,2026-09-18,33.05,84.32,32.16,43.59,54.8,42.9,0.95,51.8,88465,Caution,Yellow,37951.0,1.14,0.24
46,Ward 46,2026-09-18,33.23,83.61,32.17,42.82,54.9,42.2,1.03,48.6,12823,Caution,Yellow,5411.0,1.14,0.03
74,Ward 74,2026-09-18,33.41,82.75,32.26,43.06,55.9,42.1,1.21,45.1,42176,Caution,Yellow,17756.0,1.14,0.12
5,Ward 5,2026-09-18,34.1,79.32,32.34,44.17,56.8,42.0,1.7,42.1,23707,Caution,Yellow,9957.0,1.14,0.07
94,Ward 94,2026-09-18,32.37,88.3,32.44,43.62,57.8,40.7,0.57,34.3,27469,Caution,Yellow,11180.0,1.15,0.08
87,Ward 87,2026-09-18,33.25,83.51,32.18,42.83,55.0,39.7,1.05,38.2,12675,Caution,Yellow,5032.0,1.14,0.03
80,Ward 80,2026-09-18,32.24,88.56,31.68,41.35,49.7,38.8,0.04,51.2,31094,Caution,Yellow,12064.0,1.12,0.08
108,Ward 108,2026-09-18,32.46,87.26,31.87,42.67,51.7,38.7,0.36,44.3,64777,Caution,Yellow,25069.0,1.13,0.17
45,Ward 45,2026-09-18,32.2,87.38,31.55,41.46,48.4,37.4,0.0,49.3,8394,Caution,Yellow,3139.0,1.12,0.02
90,Ward 90,2026-09-18,32.65,86.47,31.88,41.97,51.8,37.0,0.45,36.3,18857,Caution,Yellow,6977.0,1.13,0.05
63,Ward 63,2026-09-18,32.28,88.36,31.7,41.39,50.0,36.7,0.08,41.1,24387,Caution,Yellow,8950.0,1.12,0.06
24,Ward 24,2026-09-19,35.97,69.34,33.31,46.08,67.5,61.6,3.47,80.5,19824,Danger,Orange,12212.0,1.17,0.07
23,Ward 23,2026-09-19,36.0,69.23,33.32,46.12,67.6,60.6,3.5,77.0,18256,Danger,Orange,11063.0,1.17,0.06
39,Ward 39,2026-09-19,35.74,70.26,33.2,45.81,66.3,59.6,3.24,77.7,21296,Danger,Orange,12692.0,1.17,0.07
18,Ward 18,2026-09-19,35.93,69.51,33.3,46.07,67.4,58.6,3.43,71.1,22267,Danger,Orange,13048.0,1.17,0.07
48,Ward 48,2026-09-19,35.82,69.95,33.24,45.9,66.7,57.9,3.32,70.7,20437,Danger,Orange,11833.0,1.17,0.07
42,Ward 42,2026-09-19,35.56,70.98,33.1,45.53,65.2,57.8,3.06,74.9,21746,Danger,Orange,12569.0,1.16,0.07
43,Ward 43,2026-09-19,35.67,70.53,33.17,45.71,65.9,57.6,3.17,71.9,17677,Danger,Orange,10182.0,1.17,0.06
49,Ward 49,2026-09-19,35.72,69.36,32.81,44.77,61.9,57.1,3.22,82.7,19416,Danger,Orange,11087.0,1.16,0.06
29,Ward 29,2026-09-19,35.79,69.08,32.84,44.87,62.2,56.1,3.29,78.3,53782,Danger,Orange,30172.0,1.16,0.17
41,Ward 41,2026-09-19,35.56,70.98,33.1,45.53,65.2,56.0,3.06,68.6,19946,Danger,Orange,11170.0,1.16,0.06
19,Ward 19,2026-09-19,35.81,69.97,33.23,45.87,66.6,55.9,3.31,64.3,21158,Danger,Orange,11827.0,1.17,0.07
26,Ward 26,2026-09-19,35.58,70.91,33.12,45.59,65.4,55.4,3.08,65.9,25371,Danger,Orange,14056.0,1.16,0.08
25,Ward 25,2026-09-19,35.63,70.7,33.14,45.64,65.6,54.9,3.13,63.8,27484,Danger,Orange,15089.0,1.17,0.09
77,Ward 77,2026-09-19,35.8,68.9,32.88,44.96,62.7,54.9,3.4,72.2,45984,Danger,Orange,25245.0,1.16,0.14
28,Ward 28,2026-09-19,35.82,68.95,32.86,44.9,62.5,54.8,3.32,72.7,38110,Danger,Orange,20884.0,1.16,0.12
21,Ward 21,2026-09-19,35.46,71.37,33.05,45.39,64.6,54.7,2.96,65.8,21187,Danger,Orange,11589.0,1.16,0.07
44,Ward 44,2026-09-19,35.37,71.74,33.01,45.27,64.1,54.1,2.87,65.2,29600,Danger,Orange,16014.0,1.16,0.09
20,Ward 20,2026-09-19,35.56,70.98,33.1,45.53,65.2,54.0,3.06,61.7,21576,Danger,Orange,11651.0,1.16,0.07
37,Ward 37,2026-09-19,35.66,69.59,32.78,44.69,61.6,53.3,3.16,70.2,24020,Danger,Orange,12803.0,1.16,0.07
62,Ward 62,2026-09-19,35.7,69.3,32.83,44.82,62.1,53.3,3.3,68.4,34832,Danger,Orange,18565.0,1.16,0.11
54,Ward 54,2026-09-19,35.89,69.04,32.68,44.71,60.5,53.0,3.39,72.5,36235,Danger,Orange,19205.0,1.15,0.11
78,Ward 78,2026-09-19,35.58,69.77,32.76,44.62,61.4,52.2,3.18,66.7,54090,Danger,Orange,28235.0,1.16,0.17
135,Ward 135,2026-09-19,35.08,71.77,32.51,43.94,58.6,51.2,2.68,71.9,33258,Danger,Orange,17028.0,1.15,0.1
138,Ward 138,2026-09-19,34.0,79.53,32.78,44.24,61.6,50.7,1.8,60.7,28858,Danger,Orange,14631.0,1.16,0.09
52,Ward 52,2026-09-19,35.47,70.2,32.71,44.5,60.8,50.5,3.07,62.4,16869,Danger,Orange,8519.0,1.15,0.05
9,Ward 9,2026-09-19,35.32,71.97,32.99,45.22,63.9,50.4,2.82,53.2,16420,Danger,Orange,8276.0,1.16,0.05
16,Ward 16,2026-09-19,35.56,69.98,32.73,44.56,61.0,50.2,3.06,60.7,20904,Danger,Orange,10494.0,1.15,0.06
134,Ward 134,2026-09-19,34.85,72.72,32.4,43.65,57.4,50.2,2.45,72.2,35780,Danger,Orange,17962.0,1.14,0.1
22,Ward 22,2026-09-19,35.01,73.24,32.83,44.79,62.1,50.0,2.51,56.7,15730,Danger,Orange,7865.0,1.16,0.05
53,Ward 53,2026-09-19,35.49,70.12,32.71,44.51,60.8,49.8,3.09,59.7,25598,Caution,Yellow,12748.0,1.15,0.08
11,Ward 11,2026-09-19,35.56,69.98,32.73,44.56,61.0,49.7,3.06,59.0,22152,Caution,Yellow,11010.0,1.15,0.07
47,Ward 47,2026-09-19,35.04,73.11,32.85,44.83,62.4,49.7,2.54,54.7,14684,Caution,Yellow,7298.0,1.16,0.05
38,Ward 38,2026-09-19,35.42,70.54,32.65,44.35,60.1,49.2,2.92,59.7,28791,Caution,Yellow,14165.0,1.15,0.09
10,Ward 10,2026-09-19,35.47,70.34,32.69,44.45,60.6,48.8,2.97,56.8,27700,Caution,Yellow,13518.0,1.15,0.08
60,Ward 60,2026-09-19,35.44,70.82,32.44,44.08,57.8,48.6,2.94,64.6,35732,Caution,Yellow,17366.0,1.15,0.1
61,Ward 61,2026-09-19,35.11,71.66,32.52,43.98,58.7,48.6,2.71,61.6,29704,Caution,Yellow,14436.0,1.15,0.09
40,Ward 40,2026-09-19,35.33,70.9,32.61,44.24,59.7,48.4,2.83,58.1,20549,Caution,Yellow,9946.0,1.15,0.06
75,Ward 75,2026-09-19,35.11,71.66,32.52,43.98,58.7,48.4,2.71,61.0,26925,Caution,Yellow,13032.0,1.15,0.08
139,Ward 139,2026-09-19,33.6,81.38,32.59,43.69,59.5,48.4,1.4,58.5,42014,Caution,Yellow,20335.0,1.15,0.12
65,Ward 65,2026-09-19,35.4,70.99,32.42,44.02,57.6,48.3,2.9,64.2,72427,Caution,Yellow,34982.0,1.14,0.21
66,Ward 66,2026-09-19,35.35,71.18,32.4,43.97,57.4,48.2,2.85,64.3,98024,Caution,Yellow,47248.0,1.14,0.28
88,Ward 88,2026-09-19,35.2,71.29,32.57,44.1,59.3,48.1,2.8,58.0,23672,Caution,Yellow,11386.0,1.15,0.07
83,Ward 83,2026-09-19,35.18,71.37,32.56,44.09,59.2,48.0,2.78,57.9,22163,Caution,Yellow,10638.0,1.15,0.07
30,Ward 30,2026-09-19,35.3,71.03,32.6,44.2,59.6,47.6,2.8,55.1,30050,Caution,Yellow,14304.0,1.15,0.09
36,Ward 36,2026-09-19,34.6,73.9,32.24,43.24,55.7,47.4,2.1,66.9,27238,Caution,Yellow,12911.0,1.14,0.08
56,Ward 56,2026-09-19,35.45,70.78,32.45,44.11,58.0,47.4,2.95,59.2,43622,Caution,Yellow,20677.0,1.15,0.13
84,Ward 84,2026-09-19,35.02,72.02,32.48,43.87,58.3,47.4,2.62,58.6,19230,Caution,Yellow,9115.0,1.15,0.06
76,Ward 76,2026-09-19,35.15,71.5,32.55,44.05,59.0,47.2,2.75,55.5,21946,Caution,Yellow,10359.0,1.15,0.06
14,Ward 14,2026-09-19,35.21,71.39,32.56,44.09,59.2,47.0,2.71,54.2,53343,Caution,Yellow,25071.0,1.15,0.16
73,Ward 73,2026-09-19,35.07,71.82,32.51,43.96,58.6,46.9,2.67,55.8,23512,Caution,Yellow,11027.0,1.15,0.07
82,Ward 82,2026-09-19,35.04,71.94,32.5,43.92,58.5,46.8,2.64,55.7,38838,Caution,Yellow,18176.0,1.15,0.11
85,Ward 85,2026-09-19,35.01,72.08,32.48,43.88,58.3,46.8,2.61,56.0,29566,Caution,Yellow,13837.0,1.15,0.09
141,Ward 141,2026-09-19,33.38,82.41,32.48,43.36,58.3,46.7,1.18,55.9,41152,Caution,Yellow,19218.0,1.15,0.12
17,Ward 17,2026-09-19,35.34,70.87,32.62,44.27,59.8,46.6,2.84,51.0,21023,Caution,Yellow,9797.0,1.15,0.06
3,Ward 3,2026-09-19,35.08,71.91,32.49,43.91,58.4,46.4,2.58,54.4,53855,Caution,Yellow,24989.0,1.15,0.16
8,Ward 8,2026-09-19,35.28,71.11,32.59,44.19,59.5,46.4,2.78,50.9,18760,Caution,Yellow,8705.0,1.15,0.06
13,Ward 13,2026-09-19,35.02,72.16,32.46,43.83,58.1,46.4,2.52,55.4,33066,Caution,Yellow,15343.0,1.15,0.1
27,Ward 27,2026-09-19,35.13,71.71,32.51,43.96,58.6,46.4,2.63,53.7,19350,Caution,Yellow,8978.0,1.15,0.06
140,Ward 140,2026-09-19,33.27,82.94,32.42,43.19,57.6,46.4,1.07,56.8,30504,Caution,Yellow,14154.0,1.14,0.09
1,Ward 1,2026-09-19,35.03,72.12,32.47,43.86,58.2,46.0,2.53,53.6,53125,Caution,Yellow,24438.0,1.15,0.15
7,Ward 7,2026-09-19,35.11,71.79,32.5,43.95,58.5,46.0,2.61,52.6,19180,Caution,Yellow,8823.0,1.15,0.06
15,Ward 15,2026-09-19,35.11,71.79,32.5,43.95,58.5,46.0,2.61,52.4,23922,Caution,Yellow,11004.0,1.15,0.07
50,Ward 50,2026-09-19,35.03,71.99,32.49,43.89,58.4,46.0,2.63,53.0,17251,Caution,Yellow,7935.0,1.15,0.05
81,Ward 81,2026-09-19,34.84,72.77,32.39,43.63,57.3,45.7,2.44,55.1,41501,Caution,Yellow,18966.0,1.14,0.12
35,Ward 35,2026-09-19,35.14,71.68,32.52,43.99,58.7,45.5,2.64,49.9,35024,Caution,Yellow,15936.0,1.15,0.1
133,Ward 133,2026-09-19,34.77,73.05,32.35,43.52,56.9,45.4,2.37,55.1,25588,Caution,Yellow,11617.0,1.14,0.07
4,Ward 4,2026-09-19,35.01,72.21,32.45,43.81,58.0,45.3,2.51,51.5,34476,Caution,Yellow,15618.0,1.15,0.1
132,Ward 132,2026-09-19,34.78,73.03,32.36,43.55,57.0,45.2,2.38,53.9,26274,Caution,Yellow,11876.0,1.14,0.07
51,Ward 51,2026-09-19,34.96,72.27,32.45,43.79,58.0,45.0,2.56,50.0,13556,Caution,Yellow,6100.0,1.15,0.04
72,Ward 72,2026-09-19,34.8,72.94,32.37,43.56,57.1,44.9,2.4,52.6,19167,Caution,Yellow,8606.0,1.14,0.05
117,Ward 117,2026-09-19,34.74,73.19,32.34,43.48,56.8,44.8,2.34,53.1,21824,Caution,Yellow,9777.0,1.14,0.06
59,Ward 59,2026-09-19,34.96,72.77,32.2,43.44,55.2,44.7,2.46,57.8,70261,Caution,Yellow,31407.0,1.14,0.19
118,Ward 118,2026-09-19,34.7,73.36,32.32,43.45,56.5,44.4,2.3,52.3,21810,Caution,Yellow,9684.0,1.14,0.06
89,Ward 89,2026-09-19,34.83,72.8,32.38,43.6,57.2,44.3,2.43,50.0,22304,Caution,Yellow,9881.0,1.14,0.06
120,Ward 120,2026-09-19,34.77,73.05,32.35,43.52,56.9,44.1,2.37,49.9,19710,Caution,Yellow,8692.0,1.14,0.06
12,Ward 12,2026-09-19,34.71,73.45,32.31,43.42,56.4,44.0,2.21,51.1,21493,Caution,Yellow,9457.0,1.14,0.06
32,Ward 32,2026-09-19,34.5,74.33,32.2,43.14,55.2,43.8,2.0,54.1,45636,Caution,Yellow,19989.0,1.14,0.12
91,Ward 91,2026-09-19,35.03,72.5,32.24,43.54,55.7,43.8,2.53,52.5,38450,Caution,Yellow,16841.0,1.14,0.11
6,Ward 6,2026-09-19,34.53,74.21,32.22,43.18,55.5,43.7,2.03,52.9,42346,Caution,Yellow,18505.0,1.14,0.12
31,Ward 31,2026-09-19,34.7,73.5,32.3,43.39,56.3,43.7,2.2,50.1,39025,Caution,Yellow,17054.0,1.14,0.11
67,Ward 67,2026-09-19,34.91,72.99,32.18,43.39,55.0,43.5,2.41,53.4,56284,Caution,Yellow,24484.0,1.14,0.15
71,Ward 71,2026-09-19,34.68,73.45,32.31,43.39,56.4,43.3,2.28,48.2,29922,Caution,Yellow,12956.0,1.14,0.08
130,Ward 130,2026-09-19,34.6,73.78,32.27,43.3,56.0,43.3,2.2,49.8,23227,Caution,Yellow,10057.0,1.14,0.06
2,Ward 2,2026-09-19,34.81,73.02,32.36,43.56,57.0,43.2,2.31,46.3,48190,Caution,Yellow,20818.0,1.14,0.14
34,Ward 34,2026-09-19,35.06,72.38,32.25,43.58,55.8,43.0,2.56,49.0,29773,Caution,Yellow,12802.0,1.14,0.08
64,Ward 64,2026-09-19,34.75,73.67,32.1,43.17,54.2,43.0,2.25,54.1,31280,Caution,Yellow,13450.0,1.14,0.08
131,Ward 131,2026-09-19,34.55,73.99,32.25,43.25,55.8,43.0,2.15,48.9,30911,Caution,Yellow,13292.0,1.14,0.09
55,Ward 55,2026-09-19,34.82,73.36,32.13,43.23,54.5,42.9,2.32,52.9,32254,Caution,Yellow,13837.0,1.14,0.09
96,Ward 96,2026-09-19,34.73,73.89,32.28,43.43,56.1,42.8,2.33,47.3,31033,Caution,Yellow,13282.0,1.14,0.09
136,Ward 136,2026-09-19,34.37,74.76,32.16,43.0,54.8,42.7,1.97,51.0,21482,Caution,Yellow,9173.0,1.14,0.06
69,Ward 69,2026-09-19,34.38,74.7,32.16,42.98,54.8,42.6,1.98,50.6,44111,Caution,Yellow,18791.0,1.14,0.12
95,Ward 95,2026-09-19,34.69,74.06,32.25,43.36,55.8,42.6,2.29,47.6,26737,Caution,Yellow,11390.0,1.14,0.07
137,Ward 137,2026-09-19,34.01,76.31,31.98,42.49,52.9,42.6,1.61,56.7,19385,Caution,Yellow,8258.0,1.13,0.05
93,Ward 93,2026-09-19,34.52,74.11,32.23,43.2,55.6,42.5,2.12,47.7,44364,Caution,Yellow,18855.0,1.14,0.12
98,Ward 98,2026-09-19,34.73,73.89,32.28,43.43,56.1,42.5,2.33,46.3,31708,Caution,Yellow,13476.0,1.14,0.09
119,Ward 119,2026-09-19,34.56,73.94,32.25,43.23,55.8,42.5,2.16,46.9,16491,Caution,Yellow,7009.0,1.14,0.05
116,Ward 116,2026-09-19,34.49,74.91,32.16,43.11,54.8,42.4,2.09,49.7,28338,Caution,Yellow,12015.0,1.14,0.08
129,Ward 129,2026-09-19,34.38,74.7,32.16,42.98,54.8,42.0,1.98,47.9,39654,Caution,Yellow,16655.0,1.14,0.11
99,Ward 99,2026-09-19,35.01,73.31,32.14,43.39,54.6,41.9,2.41,48.4,26739,Caution,Yellow,11204.0,1.14,0.07
70,Ward 70,2026-09-19,34.46,74.36,32.2,43.12,55.2,41.8,2.06,46.0,18618,Caution,Yellow,7782.0,1.14,0.05
112,Ward 112,2026-09-19,34.44,75.11,32.14,43.06,54.6,41.7,2.04,47.5,32404,Caution,Yellow,13512.0,1.14,0.09
113,Ward 113,2026-09-19,34.41,75.26,32.12,43.02,54.4,41.6,2.01,47.7,33475,Caution,Yellow,13926.0,1.14,0.09
115,Ward 115,2026-09-19,34.5,74.85,32.17,43.14,54.9,41.6,2.1,46.0,31919,Caution,Yellow,13278.0,1.14,0.09
86,Ward 86,2026-09-19,34.33,74.92,32.13,42.93,54.5,41.5,1.93,47.1,19195,Caution,Yellow,7966.0,1.14,0.05
105,Ward 105,2026-09-19,34.88,73.12,32.17,43.35,54.9,41.5,2.38,45.8,21267,Caution,Yellow,8826.0,1.14,0.06
123,Ward 123,2026-09-19,34.4,75.28,32.11,42.99,54.3,41.5,2.0,47.5,35386,Caution,Yellow,14685.0,1.14,0.1
103,Ward 103,2026-09-19,34.91,73.72,32.09,43.25,54.1,41.3,2.31,47.3,25428,Caution,Yellow,10502.0,1.14,0.07
68,Ward 68,2026-09-19,34.63,74.18,32.03,42.97,53.4,41.2,2.13,49.4,20724,Caution,Yellow,8538.0,1.13,0.05
114,Ward 114,2026-09-19,34.34,75.55,32.08,42.91,54.0,41.2,1.94,47.4,41913,Caution,Yellow,17268.0,1.14,0.11
121,Ward 121,2026-09-19,34.32,75.65,32.08,42.9,54.0,41.2,1.92,47.5,29921,Caution,Yellow,12327.0,1.14,0.08
124,Ward 124,2026-09-19,34.23,76.03,32.03,42.78,53.4,40.9,1.83,47.9,39179,Caution,Yellow,16024.0,1.13,0.1
128,Ward 128,2026-09-19,34.32,75.65,32.08,42.9,54.0,40.9,1.92,46.1,32179,Caution,Yellow,13161.0,1.14,0.09
101,Ward 101,2026-09-19,34.8,74.19,32.03,43.08,53.4,40.7,2.2,47.2,40208,Caution,Yellow,16365.0,1.13,0.11
104,Ward 104,2026-09-19,34.81,73.42,32.13,43.25,54.5,40.7,2.31,43.9,33185,Caution,Yellow,13506.0,1.14,0.09
125,Ward 125,2026-09-19,34.21,76.11,32.01,42.72,53.2,40.4,1.81,46.6,44850,Caution,Yellow,18119.0,1.13,0.12
79,Ward 79,2026-09-19,33.85,77.01,31.9,42.28,52.1,40.2,1.45,49.2,44303,Caution,Yellow,17810.0,1.13,0.11
92,Ward 92,2026-09-19,34.64,74.13,32.04,43.0,53.5,40.2,2.14,44.8,36450,Caution,Yellow,14653.0,1.13,0.1
106,Ward 106,2026-09-19,34.5,74.73,31.98,42.83,52.9,40.1,2.0,46.1,40618,Caution,Yellow,16288.0,1.13,0.11
107,Ward 107,2026-09-19,34.4,75.16,31.92,42.69,52.3,40.0,1.9,47.8,54260,Caution,Yellow,21704.0,1.13,0.14
57,Ward 57,2026-09-19,34.22,75.94,31.83,42.45,51.3,39.9,1.72,50.6,49856,Caution,Yellow,19893.0,1.13,0.13
102,Ward 102,2026-09-19,34.7,74.6,31.98,42.93,52.9,39.9,2.1,45.5,21503,Caution,Yellow,8580.0,1.13,0.06
5,Ward 5,2026-09-19,34.2,75.62,32.05,42.73,53.6,39.6,1.7,42.1,23707,Caution,Yellow,9388.0,1.14,0.06
100,Ward 100,2026-09-19,34.55,75.26,31.9,42.74,52.1,38.9,1.95,43.6,25507,Caution,Yellow,9922.0,1.13,0.07
111,Ward 111,2026-09-19,34.42,75.82,31.85,42.59,51.5,38.9,1.82,45.5,38647,Caution,Yellow,15034.0,1.13,0.1
122,Ward 122,2026-09-19,33.95,77.25,31.89,42.37,51.9,38.8,1.55,43.9,39198,Caution,Yellow,15209.0,1.13,0.1
127,Ward 127,2026-09-19,33.97,77.16,31.89,42.39,51.9,38.8,1.57,44.0,43782,Caution,Yellow,16987.0,1.13,0.11
46,Ward 46,2026-09-19,33.43,78.9,31.68,41.66,49.7,38.2,1.03,48.6,12823,Caution,Yellow,4898.0,1.12,0.03
74,Ward 74,2026-09-19,33.61,78.08,31.78,41.93,50.8,38.2,1.21,45.1,42176,Caution,Yellow,16111.0,1.13,0.11
110,Ward 110,2026-09-19,34.33,76.23,31.79,42.43,50.9,38.2,1.73,44.7,27470,Caution,Yellow,10494.0,1.13,0.07
33,Ward 33,2026-09-19,34.19,76.06,31.82,42.41,51.2,38.0,1.69,42.5,45919,Caution,Yellow,17449.0,1.13,0.12
45,Ward 45,2026-09-19,32.5,84.62,31.59,41.24,48.8,37.7,0.0,49.3,8394,Caution,Yellow,3165.0,1.12,0.02
126,Ward 126,2026-09-19,33.82,77.83,31.82,42.18,51.2,37.7,1.42,41.4,31631,Caution,Yellow,11925.0,1.13,0.08
58,Ward 58,2026-09-19,33.45,79.36,31.45,41.39,47.4,37.1,0.95,51.8,88465,Caution,Yellow,32821.0,1.12,0.21
97,Ward 97,2026-09-19,33.75,78.15,31.79,42.11,50.9,36.6,1.35,37.4,37199,Caution,Yellow,13615.0,1.13,0.09
109,Ward 109,2026-09-19,33.74,78.83,31.49,41.64,47.8,36.2,1.14,46.2,64567,Caution,Yellow,23373.0,1.12,0.15
87,Ward 87,2026-09-19,33.45,78.81,31.7,41.72,50.0,36.1,1.05,38.2,12675,Caution,Yellow,4576.0,1.12,0.03
80,Ward 80,2026-09-19,32.44,83.55,31.19,40.28,44.7,34.9,0.04,51.2,31094,Caution,Yellow,10852.0,1.11,0.07
90,Ward 90,2026-09-19,32.85,81.58,31.4,40.87,46.8,33.4,0.45,36.3,18857,Caution,Yellow,6298.0,1.12,0.04
108,Ward 108,2026-09-19,32.86,82.12,31.15,40.59,44.3,33.2,0.36,44.3,64777,Caution,Yellow,21506.0,1.11,0.14
63,Ward 63,2026-09-19,32.48,83.35,31.22,40.34,45.0,33.1,0.08,41.1,24387,Caution,Yellow,8072.0,1.11,0.05
94,Ward 94,2026-09-19,32.97,81.74,31.39,41.01,46.7,32.9,0.57,34.3,27469,Caution,Yellow,9037.0,1.12,0.06
24,Ward 24,2026-09-20,34.27,73.67,31.71,43.11,50.1,45.7,3.47,80.5,19824,Caution,Yellow,9060.0,1.12,0.05
49,Ward 49,2026-09-20,33.82,75.19,31.66,43.47,49.5,45.6,3.22,82.7,19416,Caution,Yellow,8854.0,1.12,0.05
23,Ward 23,2026-09-20,34.3,73.54,31.73,43.15,50.3,45.1,3.5,77.0,18256,Caution,Yellow,8233.0,1.13,0.05
29,Ward 29,2026-09-20,33.89,74.9,31.7,43.59,50.0,45.1,3.29,78.3,53782,Caution,Yellow,24256.0,1.12,0.13
77,Ward 77,2026-09-20,34.1,73.9,31.82,43.54,51.2,44.8,3.4,72.2,45984,Caution,Yellow,20601.0,1.13,0.12
54,Ward 54,2026-09-20,34.09,74.72,31.8,44.01,51.0,44.7,3.39,72.5,36235,Caution,Yellow,16197.0,1.13,0.09
28,Ward 28,2026-09-20,33.92,74.78,31.72,43.63,50.2,44.0,3.32,72.7,38110,Caution,Yellow,16768.0,1.12,0.09
39,Ward 39,2026-09-20,34.04,74.62,31.6,42.8,48.9,44.0,3.24,77.7,21296,Caution,Yellow,9370.0,1.12,0.05
18,Ward 18,2026-09-20,34.23,73.82,31.7,43.08,50.0,43.5,3.43,71.1,22267,Caution,Yellow,9686.0,1.12,0.05
62,Ward 62,2026-09-20,34.0,74.33,31.77,43.38,50.7,43.5,3.3,68.4,34832,Caution,Yellow,15152.0,1.13,0.09
48,Ward 48,2026-09-20,34.12,74.29,31.64,42.9,49.3,42.8,3.32,70.7,20437,Caution,Yellow,8747.0,1.12,0.05
37,Ward 37,2026-09-20,33.76,75.46,31.63,43.38,49.2,42.6,3.16,70.2,24020,Caution,Yellow,10233.0,1.12,0.06
42,Ward 42,2026-09-20,33.86,75.4,31.51,42.54,48.0,42.6,3.06,74.9,21746,Caution,Yellow,9264.0,1.12,0.05
43,Ward 43,2026-09-20,33.97,74.92,31.57,42.73,48.6,42.5,3.17,71.9,17677,Caution,Yellow,7513.0,1.12,0.04
78,Ward 78,2026-09-20,33.88,74.84,31.7,43.21,50.0,42.5,3.18,66.7,54090,Caution,Yellow,22988.0,1.12,0.13
135,Ward 135,2026-09-20,33.38,77.01,31.46,42.51,47.5,41.5,2.68,71.9,33258,Caution,Yellow,13802.0,1.12,0.08
19,Ward 19,2026-09-20,34.11,74.33,31.64,42.91,49.3,41.4,3.31,64.3,21158,Caution,Yellow,8759.0,1.12,0.05
41,Ward 41,2026-09-20,33.86,75.4,31.51,42.54,48.0,41.2,3.06,68.6,19946,Caution,Yellow,8218.0,1.12,0.05
52,Ward 52,2026-09-20,33.77,75.31,31.65,43.06,49.4,41.0,3.07,62.4,16869,Caution,Yellow,6916.0,1.12,0.04
60,Ward 60,2026-09-20,33.64,76.66,31.58,43.37,48.7,40.9,2.94,64.6,35732,Caution,Yellow,14614.0,1.12,0.09
26,Ward 26,2026-09-20,33.88,75.32,31.53,42.6,48.2,40.8,3.08,65.9,25371,Caution,Yellow,10351.0,1.12,0.06
65,Ward 65,2026-09-20,33.6,76.85,31.57,43.33,48.6,40.8,2.9,64.2,72427,Caution,Yellow,29550.0,1.12,0.17
53,Ward 53,2026-09-20,33.79,75.23,31.67,43.12,49.6,40.6,3.09,59.7,25598,Caution,Yellow,10393.0,1.12,0.06
25,Ward 25,2026-09-20,33.93,75.1,31.55,42.66,48.4,40.5,3.13,63.8,27484,Caution,Yellow,11131.0,1.12,0.07
66,Ward 66,2026-09-20,33.55,77.05,31.54,43.27,48.3,40.5,2.85,64.3,98024,Caution,Yellow,39700.0,1.12,0.23
134,Ward 134,2026-09-20,33.15,78.03,31.35,42.2,46.3,40.5,2.45,72.2,35780,Caution,Yellow,14491.0,1.12,0.08
16,Ward 16,2026-09-20,33.66,75.91,31.59,43.25,48.8,40.2,3.06,60.7,20904,Caution,Yellow,8403.0,1.12,0.05
21,Ward 21,2026-09-20,33.76,75.84,31.46,42.43,47.5,40.2,2.96,65.8,21187,Caution,Yellow,8517.0,1.12,0.05
11,Ward 11,2026-09-20,33.66,75.91,31.59,43.25,48.8,39.8,3.06,59.0,22152,Caution,Yellow,8816.0,1.12,0.05
56,Ward 56,2026-09-20,33.65,76.62,31.59,43.4,48.8,39.8,2.95,59.2,43622,Caution,Yellow,17362.0,1.12,0.1
20,Ward 20,2026-09-20,33.86,75.4,31.51,42.54,48.0,39.7,3.06,61.7,21576,Caution,Yellow,8566.0,1.12,0.05
44,Ward 44,2026-09-20,33.67,76.22,31.42,42.3,47.1,39.7,2.87,65.2,29600,Caution,Yellow,11751.0,1.12,0.07
61,Ward 61,2026-09-20,33.41,76.88,31.47,42.55,47.6,39.4,2.71,61.6,29704,Caution,Yellow,11703.0,1.12,0.07
38,Ward 38,2026-09-20,33.52,76.51,31.51,43.05,48.0,39.3,2.92,59.7,28791,Caution,Yellow,11315.0,1.12,0.07
75,Ward 75,2026-09-20,33.41,76.88,31.47,42.55,47.6,39.2,2.71,61.0,26925,Caution,Yellow,10555.0,1.12,0.06
88,Ward 88,2026-09-20,33.5,76.48,31.52,42.69,48.1,39.0,2.8,58.0,23672,Caution,Yellow,9232.0,1.12,0.06
10,Ward 10,2026-09-20,33.57,76.28,31.54,43.11,48.3,38.9,2.97,56.8,27700,Caution,Yellow,10775.0,1.12,0.07
83,Ward 83,2026-09-20,33.48,76.57,31.51,42.67,48.0,38.9,2.78,57.9,22163,Caution,Yellow,8621.0,1.12,0.05
40,Ward 40,2026-09-20,33.43,76.89,31.47,42.91,47.6,38.6,2.83,58.1,20549,Caution,Yellow,7932.0,1.12,0.05
84,Ward 84,2026-09-20,33.32,77.29,31.44,42.45,47.3,38.5,2.62,58.6,19230,Caution,Yellow,7404.0,1.12,0.04
76,Ward 76,2026-09-20,33.45,76.7,31.5,42.63,47.9,38.3,2.75,55.5,21946,Caution,Yellow,8405.0,1.12,0.05
73,Ward 73,2026-09-20,33.37,77.05,31.46,42.52,47.5,38.1,2.67,55.8,23512,Caution,Yellow,8958.0,1.12,0.05
82,Ward 82,2026-09-20,33.34,77.2,31.44,42.47,47.3,37.9,2.64,55.7,38838,Caution,Yellow,14720.0,1.12,0.09
85,Ward 85,2026-09-20,33.31,77.32,31.43,42.42,47.2,37.9,2.61,56.0,29566,Caution,Yellow,11206.0,1.12,0.07
30,Ward 30,2026-09-20,33.4,77.03,31.45,42.86,47.4,37.8,2.8,55.1,30050,Caution,Yellow,11359.0,1.12,0.07
36,Ward 36,2026-09-20,32.7,80.2,31.11,41.88,43.9,37.4,2.1,66.9,27238,Caution,Yellow,10187.0,1.11,0.06
59,Ward 59,2026-09-20,33.16,78.81,31.34,42.69,46.2,37.4,2.46,57.8,70261,Caution,Yellow,26278.0,1.12,0.16
14,Ward 14,2026-09-20,33.31,77.43,31.41,42.76,47.0,37.3,2.71,54.2,53343,Caution,Yellow,19897.0,1.12,0.12
17,Ward 17,2026-09-20,33.44,76.85,31.48,42.94,47.7,37.2,2.84,51.0,21023,Caution,Yellow,7821.0,1.12,0.05
50,Ward 50,2026-09-20,33.33,77.23,31.43,42.44,47.2,37.2,2.63,53.0,17251,Caution,Yellow,6417.0,1.12,0.04
9,Ward 9,2026-09-20,33.62,76.45,31.4,42.24,46.8,36.9,2.82,53.2,16420,Caution,Yellow,6059.0,1.12,0.04
81,Ward 81,2026-09-20,33.14,78.09,31.34,42.17,46.2,36.9,2.44,55.1,41501,Caution,Yellow,15314.0,1.12,0.09
8,Ward 8,2026-09-20,33.38,77.12,31.44,42.84,47.3,36.8,2.78,50.9,18760,Caution,Yellow,6904.0,1.12,0.04
13,Ward 13,2026-09-20,33.12,78.28,31.32,42.48,46.0,36.8,2.52,55.4,33066,Caution,Yellow,12168.0,1.11,0.07
27,Ward 27,2026-09-20,33.23,77.8,31.37,42.65,46.5,36.8,2.63,53.7,19350,Caution,Yellow,7121.0,1.12,0.04
3,Ward 3,2026-09-20,33.18,78.0,31.34,42.54,46.2,36.7,2.58,54.4,53855,Caution,Yellow,19765.0,1.12,0.12
91,Ward 91,2026-09-20,33.23,78.48,31.39,42.82,46.7,36.7,2.53,52.5,38450,Caution,Yellow,14111.0,1.12,0.09
133,Ward 133,2026-09-20,33.07,78.39,31.31,42.09,45.9,36.6,2.37,55.1,25588,Caution,Yellow,9365.0,1.11,0.06
7,Ward 7,2026-09-20,33.21,77.87,31.36,42.59,46.4,36.5,2.61,52.6,19180,Caution,Yellow,7001.0,1.12,0.04
15,Ward 15,2026-09-20,33.21,77.87,31.36,42.59,46.4,36.5,2.61,52.4,23922,Caution,Yellow,8732.0,1.12,0.05
1,Ward 1,2026-09-20,33.13,78.23,31.32,42.47,46.0,36.4,2.53,53.6,53125,Caution,Yellow,19338.0,1.11,0.12
22,Ward 22,2026-09-20,33.31,77.82,31.24,41.81,45.2,36.4,2.51,56.7,15730,Caution,Yellow,5726.0,1.11,0.03
67,Ward 67,2026-09-20,33.11,79.03,31.32,42.62,46.0,36.4,2.41,53.4,56284,Caution,Yellow,20487.0,1.11,0.13
132,Ward 132,2026-09-20,33.08,78.35,31.31,42.08,45.9,36.4,2.38,53.9,26274,Caution,Yellow,9564.0,1.11,0.06
51,Ward 51,2026-09-20,33.26,77.53,31.4,42.36,46.8,36.3,2.56,50.0,13556,Caution,Yellow,4921.0,1.12,0.03
72,Ward 72,2026-09-20,33.1,78.26,31.33,42.14,46.1,36.3,2.4,52.6,19167,Caution,Yellow,6958.0,1.11,0.04
47,Ward 47,2026-09-20,33.34,77.68,31.26,41.85,45.4,36.1,2.54,54.7,14684,Caution,Yellow,5301.0,1.11,0.03
117,Ward 117,2026-09-20,33.04,78.54,31.29,42.04,45.7,36.1,2.34,53.1,21824,Caution,Yellow,7878.0,1.11,0.05
34,Ward 34,2026-09-20,33.26,78.35,31.39,42.82,46.7,36.0,2.56,49.0,29773,Caution,Yellow,10718.0,1.12,0.07
35,Ward 35,2026-09-20,33.24,77.73,31.37,42.64,46.5,36.0,2.64,49.9,35024,Caution,Yellow,12609.0,1.12,0.08
4,Ward 4,2026-09-20,33.11,78.32,31.31,42.45,45.9,35.9,2.51,51.5,34476,Caution,Yellow,12377.0,1.11,0.08
55,Ward 55,2026-09-20,33.02,79.44,31.27,42.47,45.5,35.9,2.32,52.9,32254,Caution,Yellow,11579.0,1.11,0.07
64,Ward 64,2026-09-20,32.95,79.76,31.24,42.39,45.2,35.9,2.25,54.1,31280,Caution,Yellow,11230.0,1.11,0.07
89,Ward 89,2026-09-20,33.13,78.12,31.33,42.14,46.1,35.7,2.43,50.0,22304,Caution,Yellow,7963.0,1.11,0.05
118,Ward 118,2026-09-20,33.0,78.71,31.27,41.96,45.5,35.7,2.3,52.3,21810,Caution,Yellow,7786.0,1.11,0.05
120,Ward 120,2026-09-20,33.07,78.39,31.31,42.09,45.9,35.6,2.37,49.9,19710,Caution,Yellow,7017.0,1.11,0.04
138,Ward 138,2026-09-20,32.5,83.1,31.03,41.09,43.1,35.5,1.8,60.7,28858,Caution,Yellow,10245.0,1.11,0.06
95,Ward 95,2026-09-20,32.99,79.9,31.35,42.47,46.3,35.4,2.29,47.6,26737,Caution,Yellow,9465.0,1.12,0.06
96,Ward 96,2026-09-20,33.03,79.7,31.36,42.5,46.4,35.4,2.33,47.3,31033,Caution,Yellow,10986.0,1.12,0.07
99,Ward 99,2026-09-20,33.01,80.07,31.32,42.82,46.0,35.3,2.41,48.4,26739,Caution,Yellow,9439.0,1.11,0.06
98,Ward 98,2026-09-20,33.03,79.7,31.36,42.5,46.4,35.2,2.33,46.3,31708,Caution,Yellow,11161.0,1.12,0.07
116,Ward 116,2026-09-20,32.79,80.82,31.24,42.15,45.2,35.0,2.09,49.7,28338,Caution,Yellow,9918.0,1.11,0.06
71,Ward 71,2026-09-20,32.98,78.8,31.26,41.95,45.4,34.8,2.28,48.2,29922,Caution,Yellow,10413.0,1.11,0.07
130,Ward 130,2026-09-20,32.9,79.17,31.22,41.83,45.0,34.8,2.2,49.8,23227,Caution,Yellow,8083.0,1.11,0.05
103,Ward 103,2026-09-20,32.91,80.53,31.27,42.68,45.5,34.7,2.31,47.3,25428,Caution,Yellow,8824.0,1.11,0.06
12,Ward 12,2026-09-20,32.81,79.68,31.16,42.01,44.4,34.6,2.21,51.1,21493,Caution,Yellow,7437.0,1.11,0.05
105,Ward 105,2026-09-20,33.08,79.16,31.3,42.57,45.8,34.6,2.38,45.8,21267,Caution,Yellow,7358.0,1.11,0.05
68,Ward 68,2026-09-20,32.83,80.31,31.19,42.23,44.7,34.5,2.13,49.4,20724,Caution,Yellow,7150.0,1.11,0.05
131,Ward 131,2026-09-20,32.85,79.39,31.2,41.76,44.8,34.5,2.15,48.9,30911,Caution,Yellow,10664.0,1.11,0.07
31,Ward 31,2026-09-20,32.8,79.73,31.16,42.02,44.4,34.4,2.2,50.1,39025,Caution,Yellow,13425.0,1.11,0.08
32,Ward 32,2026-09-20,32.6,80.65,31.05,41.7,43.3,34.4,2.0,54.1,45636,Caution,Yellow,15699.0,1.11,0.1
112,Ward 112,2026-09-20,32.74,81.05,31.22,42.08,45.0,34.4,2.04,47.5,32404,Caution,Yellow,11147.0,1.11,0.07
6,Ward 6,2026-09-20,32.63,80.5,31.07,41.75,43.5,34.3,2.03,52.9,42346,Caution,Yellow,14525.0,1.11,0.09
101,Ward 101,2026-09-20,32.8,81.04,31.22,42.51,45.0,34.3,2.2,47.2,40208,Caution,Yellow,13791.0,1.11,0.09
113,Ward 113,2026-09-20,32.71,81.2,31.2,42.03,44.8,34.3,2.01,47.7,33475,Caution,Yellow,11482.0,1.11,0.07
115,Ward 115,2026-09-20,32.8,80.78,31.25,42.18,45.3,34.3,2.1,46.0,31919,Caution,Yellow,10948.0,1.11,0.07
119,Ward 119,2026-09-20,32.86,79.34,31.21,41.79,44.9,34.2,2.16,46.9,16491,Caution,Yellow,5640.0,1.11,0.04
123,Ward 123,2026-09-20,32.7,81.25,31.2,42.04,44.8,34.2,2.0,47.5,35386,Caution,Yellow,12102.0,1.11,0.08
136,Ward 136,2026-09-20,32.67,80.22,31.11,41.51,43.9,34.2,1.97,51.0,21482,Caution,Yellow,7347.0,1.11,0.05
2,Ward 2,2026-09-20,32.91,79.24,31.22,42.18,45.0,34.1,2.31,46.3,48190,Caution,Yellow,16433.0,1.11,0.11
69,Ward 69,2026-09-20,32.68,80.16,31.11,41.5,43.9,34.1,1.98,50.6,44111,Caution,Yellow,15042.0,1.11,0.09
93,Ward 93,2026-09-20,32.82,79.53,31.18,41.71,44.6,34.1,2.12,47.7,44364,Caution,Yellow,15128.0,1.11,0.1
104,Ward 104,2026-09-20,33.01,79.48,31.27,42.49,45.5,34.0,2.31,43.9,33185,Caution,Yellow,11283.0,1.11,0.07
114,Ward 114,2026-09-20,32.64,81.52,31.17,41.94,44.5,34.0,1.94,47.4,41913,Caution,Yellow,14250.0,1.11,0.09
121,Ward 121,2026-09-20,32.62,81.62,31.16,41.92,44.4,33.9,1.92,47.5,29921,Caution,Yellow,10143.0,1.11,0.06
137,Ward 137,2026-09-20,32.31,81.9,30.93,40.99,42.1,33.9,1.61,56.7,19385,Caution,Yellow,6572.0,1.1,0.04
102,Ward 102,2026-09-20,32.7,81.51,31.17,42.36,44.5,33.6,2.1,45.5,21503,Caution,Yellow,7225.0,1.11,0.05
124,Ward 124,2026-09-20,32.53,82.05,31.11,41.76,43.9,33.6,1.83,47.9,39179,Caution,Yellow,13164.0,1.11,0.08
128,Ward 128,2026-09-20,32.62,81.62,31.16,41.92,44.4,33.6,1.92,46.1,32179,Caution,Yellow,10812.0,1.11,0.07
129,Ward 129,2026-09-20,32.68,80.16,31.11,41.5,43.9,33.6,1.98,47.9,39654,Caution,Yellow,13324.0,1.11,0.08
70,Ward 70,2026-09-20,32.76,79.81,31.15,41.62,44.3,33.5,2.06,46.0,18618,Caution,Yellow,6237.0,1.11,0.04
92,Ward 92,2026-09-20,32.84,80.27,31.18,42.22,44.6,33.5,2.14,44.8,36450,Caution,Yellow,12211.0,1.11,0.08
139,Ward 139,2026-09-20,32.1,85.06,30.84,40.52,41.2,33.5,1.4,58.5,42014,Caution,Yellow,14075.0,1.1,0.08
106,Ward 106,2026-09-20,32.7,80.91,31.12,42.04,44.0,33.3,2.0,46.1,40618,Caution,Yellow,13526.0,1.11,0.09
107,Ward 107,2026-09-20,32.6,81.38,31.07,41.89,43.5,33.3,1.9,47.8,54260,Caution,Yellow,18069.0,1.11,0.11
125,Ward 125,2026-09-20,32.51,82.15,31.1,41.74,43.8,33.3,1.81,46.6,44850,Caution,Yellow,14935.0,1.11,0.1
86,Ward 86,2026-09-20,32.63,80.4,31.08,41.43,43.6,33.2,1.93,47.1,19195,Caution,Yellow,6373.0,1.11,0.04
57,Ward 57,2026-09-20,32.42,82.22,30.98,41.63,42.6,33.1,1.72,50.6,49856,Caution,Yellow,16502.0,1.1,0.1
100,Ward 100,2026-09-20,32.55,82.23,31.1,42.14,43.8,32.7,1.95,43.6,25507,Caution,Yellow,8341.0,1.11,0.05
111,Ward 111,2026-09-20,32.42,82.84,31.03,41.94,43.1,32.5,1.82,45.5,38647,Caution,Yellow,12560.0,1.11,0.08
141,Ward 141,2026-09-20,31.88,86.15,30.72,40.17,40.0,32.1,1.18,55.9,41152,Caution,Yellow,13210.0,1.1,0.08
110,Ward 110,2026-09-20,32.33,83.26,30.98,41.78,42.6,32.0,1.73,44.7,27470,Caution,Yellow,8790.0,1.1,0.06
79,Ward 79,2026-09-20,32.15,82.68,30.85,40.74,41.3,31.9,1.45,49.2,44303,Caution,Yellow,14133.0,1.1,0.09
127,Ward 127,2026-09-20,32.27,83.3,30.99,41.4,42.7,31.9,1.57,44.0,43782,Caution,Yellow,13966.0,1.1,0.09
122,Ward 122,2026-09-20,32.25,83.4,30.97,41.34,42.5,31.8,1.55,43.9,39198,Caution,Yellow,12465.0,1.1,0.08
140,Ward 140,2026-09-20,31.77,86.71,30.67,40.02,39.5,31.8,1.07,56.8,30504,Caution,Yellow,9700.0,1.1,0.06
33,Ward 33,2026-09-20,32.39,82.38,30.97,41.57,42.5,31.5,1.69,42.5,45919,Caution,Yellow,14464.0,1.1,0.09
5,Ward 5,2026-09-20,32.3,82.06,30.91,41.26,41.9,31.0,1.7,42.1,23707,Caution,Yellow,7349.0,1.1,0.05
126,Ward 126,2026-09-20,32.12,84.0,30.92,41.18,42.0,30.9,1.42,41.4,31631,Caution,Yellow,9774.0,1.1,0.06
58,Ward 58,2026-09-20,31.65,85.97,30.6,40.45,38.9,30.5,0.95,51.8,88465,Caution,Yellow,26982.0,1.09,0.16
46,Ward 46,2026-09-20,31.73,84.7,30.65,40.12,39.3,30.2,1.03,48.6,12823,Caution,Yellow,3873.0,1.1,0.02
74,Ward 74,2026-09-20,31.91,83.82,30.73,40.36,40.1,30.2,1.21,45.1,42176,Caution,Yellow,12737.0,1.1,0.08
109,Ward 109,2026-09-20,31.74,86.16,30.7,40.91,39.8,30.2,1.14,46.2,64567,Caution,Yellow,19499.0,1.1,0.12
97,Ward 97,2026-09-20,32.05,84.37,30.87,41.04,41.5,29.8,1.35,37.4,37199,Caution,Yellow,11085.0,1.1,0.07
87,Ward 87,2026-09-20,31.75,84.6,30.66,40.14,39.4,28.4,1.05,38.2,12675,Caution,Yellow,3600.0,1.1,0.02
80,Ward 80,2026-09-20,30.74,89.73,30.16,38.56,34.7,27.1,0.04,51.2,31094,Caution,Yellow,8426.0,1.08,0.05
108,Ward 108,2026-09-20,31.06,88.98,30.32,39.52,36.2,27.1,0.36,44.3,64777,Caution,Yellow,17555.0,1.09,0.11
94,Ward 94,2026-09-20,31.27,88.27,30.5,39.86,37.9,26.7,0.57,34.3,27469,Caution,Yellow,7334.0,1.09,0.05
90,Ward 90,2026-09-20,31.15,87.61,30.35,39.19,36.5,26.0,0.45,36.3,18857,Caution,Yellow,4903.0,1.09,0.03
63,Ward 63,2026-09-20,30.78,89.52,30.18,38.61,34.8,25.6,0.08,41.1,24387,Caution,Yellow,6243.0,1.08,0.04
45,Ward 45,2026-09-20,30.8,90.02,29.99,38.11,33.1,25.5,0.0,49.3,8394,Caution,Yellow,2140.0,1.08,0.01
