ward_id,households,pop_male,pop_female,pop_under6,pop_sc,pop_st,pop_literate,pop_illiterate,workers_total,workers_main,workers_marginal,workers_other,non_workers,illiteracy_pct,hh_size,worker_pct,under6_pct,scst_pct,nonworker_pct
1,11394,27945,25180,4033,1968,117,42277,10848,20240,17775,2465,17137,32885,20.42,4.66,38.1,7.59,3.92,61.9
2,11305,24381,23809,2575,1814,105,42986,5204,17851,15006,2845,14412,30339,10.8,4.26,37.04,5.34,3.98,62.96
3,11617,27636,26219,4358,1385,171,42933,10922,19987,16723,3264,16002,33868,20.28,4.64,37.11,8.09,2.89,62.89
4,8558,17403,17073,2144,2713,79,28864,5612,13737,11800,1937,11383,20739,16.28,4.03,39.85,6.22,8.1,60.15
5,5815,12243,11464,1585,745,60,19980,3727,8499,7551,948,7209,15208,15.72,4.08,35.85,6.69,3.4,64.15
6,8855,22977,19369,3962,2798,295,31137,11209,15341,13239,2102,12736,27005,26.47,4.78,36.23,9.36,7.3,63.77
7,4240,9942,9238,961,335,10,15969,3211,8044,7193,851,6952,11136,16.74,4.52,41.94,5.01,1.8,58.06
8,4285,9498,9262,1009,453,3,16609,2151,7145,6675,470,6519,11615,11.47,4.38,38.09,5.38,2.43,61.91
9,3834,8573,7847,1033,256,1,14094,2326,6899,6346,553,6166,9521,14.17,4.28,42.02,6.29,1.57,57.98
10,5139,14513,13187,1160,250,12,24518,3182,11784,10752,1032,10506,15916,11.49,5.39,42.54,4.19,0.95,57.46
11,4715,12086,10066,1187,1130,32,18440,3712,9282,8353,929,8082,12870,16.76,4.7,41.9,5.36,5.25,58.1
12,4864,11884,9609,1455,539,26,17023,4470,9486,8495,991,8336,12007,20.8,4.42,44.14,6.77,2.63,55.86
13,7292,17633,15433,2589,645,34,25414,7652,14344,13150,1194,12677,18722,23.14,4.53,43.38,7.83,2.05,56.62
14,12387,27064,26279,4076,547,21,43290,10053,22096,19003,3093,17985,31247,18.85,4.31,41.42,7.64,1.06,58.58
15,5397,12641,11281,1633,1384,27,19812,4110,9947,9210,737,8747,13975,17.18,4.43,41.58,6.83,5.9,58.42
16,4230,10767,10137,1164,165,21,17493,3411,8871,7957,914,7799,12033,16.32,4.94,42.44,5.57,0.89,57.56
17,4895,10824,10199,1160,446,11,18333,2690,8340,7685,655,7556,12683,12.8,4.29,39.67,5.52,2.17,60.33
18,5525,10738,11529,1336,495,17,16477,5790,7746,7180,566,7025,14521,26.0,4.03,34.79,6.0,2.3,65.21
19,4593,11467,9691,1363,171,1,17675,3483,9126,8530,596,8349,12032,16.46,4.61,43.13,6.44,0.81,56.87
20,4310,12180,9396,1629,981,2,17140,4436,9031,8512,519,8095,12545,20.56,5.01,41.86,7.55,4.56,58.14
21,4304,13127,8060,1295,611,36,16016,5171,10355,9725,630,9569,10832,24.41,4.92,48.87,6.11,3.05,51.13
22,2884,9847,5883,734,284,1,12757,2973,7308,6972,336,6881,8422,18.9,5.45,46.46,4.67,1.81,53.54
23,3338,10901,7355,1032,162,4,13459,4797,7319,6435,884,5935,10937,26.28,5.47,40.09,5.65,0.91,59.91
24,3842,12264,7560,1073,308,24,13719,6105,8972,7955,1017,7771,10852,30.8,5.16,45.26,5.41,1.67,54.74
25,5838,14992,12492,1556,356,13,22167,5317,11289,10688,601,10525,16195,19.35,4.71,41.07,5.66,1.34,58.93
26,5659,13692,11679,1674,1428,6,19513,5858,10642,10036,606,9645,14729,23.09,4.48,41.95,6.6,5.65,58.05
27,4352,10271,9079,1045,553,27,16144,3206,7882,7232,650,6796,11468,16.57,4.45,40.73,5.4,3.0,59.27
28,7223,20788,17322,3169,1532,20,27738,10372,14740,12925,1815,12674,23370,27.22,5.28,38.68,8.32,4.07,61.32
29,9047,28942,24840,5550,2621,63,34094,19688,20558,18184,2374,15716,33224,36.61,5.94,38.22,10.32,4.99,61.78
30,6747,15649,14401,2038,2834,4,24849,5201,11938,9842,2096,9330,18112,17.31,4.45,39.73,6.78,9.44,60.27
31,8800,20995,18030,3186,2137,69,31638,7387,15498,14307,1191,14050,23527,18.93,4.43,39.71,8.16,5.65,60.29
32,10708,22931,22705,3189,5612,154,32145,13491,18578,17105,1473,16680,27058,29.56,4.26,40.71,6.99,12.63,59.29
33,11095,22818,23101,2873,3943,62,39247,6672,18932,16840,2092,16311,26987,14.53,4.14,41.23,6.26,8.72,58.77
34,7611,14797,14976,1702,1540,14,26079,3694,12371,10458,1913,10081,17402,12.41,3.91,41.55,5.72,5.22,58.45
35,8524,17481,17543,1950,1945,69,30244,4780,14070,12391,1679,12151,20954,13.65,4.11,40.17,5.57,5.75,59.83
36,4574,16743,10495,2142,1049,93,16648,10590,12888,11183,1705,10682,14350,38.88,5.95,47.32,7.86,4.19,52.68
37,4688,14057,9963,1627,2860,35,17717,6303,10546,9523,1023,8793,13474,26.24,5.12,43.91,6.77,12.05,56.09
38,6500,16196,12595,1862,1305,31,23097,5694,12780,12084,696,10667,16011,19.78,4.43,44.39,6.47,4.64,55.61
39,3716,12165,9131,2082,828,1,14078,7218,7869,7013,856,6705,13427,33.89,5.73,36.95,9.78,3.89,63.05
40,4733,11771,8778,871,770,7,17345,3204,9202,8626,576,8308,11347,15.59,4.34,44.78,4.24,3.78,55.22
41,3425,11540,8406,1411,273,52,15483,4463,8701,7858,843,7412,11245,22.38,5.82,43.62,7.07,1.63,56.38
42,3749,15827,5919,1018,320,16,15550,6196,13767,9250,4517,8983,7979,28.49,5.8,63.31,4.68,1.55,36.69
43,2878,10899,6778,1429,42,1,12920,4757,7268,6354,914,6158,10409,26.91,6.14,41.12,8.08,0.24,58.88
44,5043,17727,11873,2384,461,25,21525,8075,11257,10127,1130,9861,18343,27.28,5.87,38.03,8.05,1.64,61.97
45,1704,5823,2571,511,173,30,5888,2506,4691,4361,330,4291,3703,29.85,4.93,55.89,6.09,2.42,44.11
46,2316,7684,5139,956,820,8,10132,2691,5804,4878,926,4727,7019,20.99,5.54,45.26,7.46,6.46,54.74
47,3271,8427,6257,969,988,106,12052,2632,6512,6019,493,5870,8172,17.92,4.49,44.35,6.6,7.45,55.65
48,4671,11128,9309,964,277,10,15975,4462,10702,8682,2020,7525,9735,21.83,4.38,52.37,4.72,1.4,47.63
49,3965,13511,5905,667,810,3,12283,7133,12036,11104,932,10979,7380,36.74,4.9,61.99,3.44,4.19,38.01
50,3791,9087,8164,889,297,16,14513,2738,7434,6525,909,6218,9817,15.87,4.55,43.09,5.15,1.81,56.91
51,3273,7164,6392,718,906,48,11941,1615,5705,4905,800,4799,7851,11.91,4.14,42.08,5.3,7.04,57.92
52,3304,10205,6664,1289,355,27,13427,3442,7104,6690,414,6443,9765,20.4,5.11,42.11,7.64,2.26,57.89
53,5405,13862,11736,1670,536,37,21412,4186,10460,8599,1861,8159,15138,16.35,4.74,40.86,6.52,2.24,59.14
54,6666,18937,17298,3365,550,11,26986,9249,13381,11813,1568,11282,22854,25.53,5.44,36.93,9.29,1.55,63.07
55,6745,17450,14804,2502,924,52,25243,7011,12189,10689,1500,10371,20065,21.74,4.78,37.79,7.76,3.03,62.21
56,8941,23018,20604,3426,1356,59,34379,9243,16780,14028,2752,13477,26842,21.19,4.88,38.47,7.85,3.24,61.53
57,11051,26142,23714,4414,4143,37,36444,13412,20646,17351,3295,16471,29210,26.9,4.51,41.41,8.85,8.38,58.59
58,20093,46207,42258,9277,20125,684,58873,29592,34445,29336,5109,27481,54020,33.45,4.4,38.94,10.49,23.52,61.06
59,15157,36341,33920,6660,785,155,51132,19129,27731,23822,3909,22803,42530,27.23,4.64,39.47,9.48,1.34,60.53
60,6755,18964,16768,3304,264,39,26457,9275,13273,11259,2014,10751,22459,25.96,5.29,37.15,9.25,0.85,62.85
61,5447,15954,13750,2678,573,13,21768,7936,10846,9261,1585,8821,18858,26.72,5.45,36.51,9.02,1.97,63.49
62,6400,18736,16096,3395,115,23,27049,7783,12614,11038,1576,10589,22218,22.34,5.44,36.21,9.75,0.4,63.79
63,4674,14292,10095,1376,282,42,19419,4968,10924,9897,1027,9786,13463,20.37,5.22,44.79,5.64,1.33,55.21
64,6342,16652,14628,2755,246,11,24307,6973,12124,10525,1599,10028,19156,22.29,4.93,38.76,8.81,0.82,61.24
65,14092,38317,34110,6400,3798,29,53744,18683,27244,24096,3148,23115,45183,25.8,5.14,37.62,8.84,5.28,62.38
66,20797,51138,46886,11526,2599,143,70021,28003,34821,30195,4626,29020,63203,28.57,4.71,35.52,11.76,2.8,64.48
67,13631,28910,27374,4060,3449,252,46753,9531,23116,20498,2618,20135,33168,16.93,4.13,41.07,7.21,6.58,58.93
68,4812,10434,10290,1036,704,5,17888,2836,8625,8080,545,7898,12099,13.68,4.31,41.62,5.0,3.42,58.38
69,9615,22906,21205,3283,1959,76,35139,8972,19528,16589,2939,15931,24583,20.34,4.59,44.27,7.44,4.61,55.73
70,3879,9750,8868,935,485,30,16657,1961,7520,7073,447,6994,11098,10.53,4.8,40.39,5.02,2.77,59.61
71,6266,15550,14372,1577,1214,43,26081,3841,11790,10535,1255,10297,18132,12.84,4.78,39.4,5.27,4.2,60.6
72,4306,10160,9007,995,1042,6,16366,2801,8488,7854,634,7605,10679,14.61,4.45,44.28,5.19,5.47,55.72
73,5260,12541,10971,1329,462,292,19805,3707,10093,8316,1777,8024,13419,15.77,4.47,42.93,5.65,3.21,57.07
74,9189,24148,18028,2675,996,151,33404,8772,17467,15460,2007,15175,24709,20.8,4.59,41.41,6.34,2.72,58.59
75,5978,15370,11555,2605,619,37,19521,7404,12040,10202,1838,9932,14885,27.5,4.5,44.72,9.68,2.44,55.28
76,5052,11507,10439,1750,208,12,17853,4093,8122,7559,563,7491,13824,18.65,4.34,37.01,7.97,1.0,62.99
77,8829,24156,21828,4469,108,19,34807,11177,15785,13935,1850,13159,30199,24.31,5.21,34.33,9.72,0.28,65.67
78,10637,28435,25655,5493,4237,126,40336,13754,18720,16335,2385,15545,35370,25.43,5.09,34.61,10.16,8.07,65.39
79,9235,24125,20178,4837,3389,270,32345,11958,15677,12848,2829,12630,28626,26.99,4.8,35.39,10.92,8.26,64.61
80,7124,17364,13730,3610,3168,395,19758,11336,11148,9804,1344,9509,19946,36.46,4.36,35.85,11.61,11.46,64.15
81,10211,21131,20370,2947,726,21,32823,8678,18812,17193,1619,16626,22689,20.91,4.06,45.33,7.1,1.8,54.67
82,9994,19782,19056,2583,817,50,30753,8085,17357,14773,2584,14346,21481,20.82,3.89,44.69,6.65,2.23,55.31
83,5176,11113,11050,1171,42,0,17976,4187,9123,8405,718,8253,13040,18.89,4.28,41.16,5.28,0.19,58.84
84,4420,9783,9447,1187,699,10,15464,3766,8629,7480,1149,7158,10601,19.58,4.35,44.87,6.17,3.69,55.13
85,6402,15059,14507,1700,488,15,24576,4990,13157,11966,1191,11771,16409,16.88,4.62,44.5,5.75,1.7,55.5
86,4921,9724,9471,1051,1284,78,16259,2936,8219,7089,1130,6908,10976,15.3,3.9,42.82,5.48,7.1,57.18
87,3227,6285,6390,544,71,1,10950,1725,5391,4875,516,4723,7284,13.61,3.93,42.53,4.29,0.57,57.47
88,6109,11996,11676,1651,364,12,18738,4934,10372,9548,824,9379,13300,20.84,3.87,43.82,6.97,1.59,56.18
89,5819,11395,10909,1334,692,25,19376,2928,10039,8024,2015,7683,12265,13.13,3.83,45.01,5.98,3.21,54.99
90,4761,9255,9602,1131,1467,185,14997,3860,8399,7617,782,7212,10458,20.47,3.96,44.54,6.0,8.76,55.46
91,9995,18967,19483,2167,1480,23,32861,5589,15962,14067,1895,13796,22488,14.54,3.85,41.51,5.64,3.91,58.49
92,10177,17865,18585,1791,1065,45,32417,4033,14237,12716,1521,12465,22213,11.06,3.58,39.06,4.91,3.05,60.94
93,11871,22176,22188,2798,1798,60,37950,6414,18701,16384,2317,15871,25663,14.46,3.74,42.15,6.31,4.19,57.85
94,7121,13918,13551,1847,1450,47,22831,4638,11527,10677,850,10575,15942,16.88,3.86,41.96,6.72,5.45,58.04
95,7651,13212,13525,1314,561,26,24306,2431,10208,8894,1314,8687,16529,9.09,3.49,38.18,4.91,2.2,61.82
96,8893,15357,15676,1488,453,69,28533,2500,11743,10663,1080,10455,19290,8.06,3.49,37.84,4.79,1.68,62.16
97,10222,18613,18586,2073,1251,208,33230,3969,15205,12715,2490,12383,21994,10.67,3.64,40.87,5.57,3.92,59.13
98,8904,15406,16302,1721,705,19,28859,2849,11890,10836,1054,10581,19818,8.99,3.56,37.5,5.43,2.28,62.5
99,7222,13305,13434,1519,745,271,24158,2581,10493,9283,1210,9063,16246,9.65,3.7,39.24,5.68,3.8,60.76
100,7269,12386,13121,1341,324,72,23195,2312,9477,8270,1207,7989,16030,9.06,3.51,37.15,5.26,1.55,62.85
101,10934,19831,20377,2526,2907,91,35933,4275,15311,13654,1657,13406,24897,10.63,3.68,38.08,6.28,7.46,61.92
102,5867,10624,10879,1321,880,16,18877,2626,8449,7311,1138,7096,13054,12.21,3.67,39.29,6.14,4.17,60.71
103,7105,12499,12929,1363,3284,21,22806,2622,10255,8643,1612,8355,15173,10.31,3.58,40.33,5.36,13.0,59.67
104,9224,16385,16800,1795,1108,21,30144,3041,12436,11170,1266,10961,20749,9.16,3.6,37.47,5.41,3.4,62.53
105,5639,10609,10658,1226,2725,10,18811,2456,8461,7524,937,7379,12806,11.55,3.77,39.78,5.76,12.86,60.22
106,10558,20466,20152,2894,7653,59,35071,5547,16751,14249,2502,13819,23867,13.66,3.85,41.24,7.12,18.99,58.76
107,13518,27977,26283,4129,7320,329,45146,9114,22045,19821,2224,19252,32215,16.8,4.01,40.63,7.61,14.1,59.37
108,15854,33428,31349,7204,20923,928,46487,18290,26447,22507,3940,21665,38330,28.24,4.09,40.83,11.12,33.73,59.17
109,16238,32460,32107,5575,15581,197,50435,14132,26883,23271,3612,22578,37684,21.89,3.98,41.64,8.63,24.44,58.36
110,7628,13681,13789,1894,3432,124,23363,4107,11061,9783,1278,9617,16409,14.95,3.6,40.27,6.89,12.95,59.73
111,10156,19656,18991,2545,1294,136,33705,4942,14893,12949,1944,12650,23754,12.79,3.81,38.54,6.59,3.7,61.46
112,8373,16309,16095,2345,1325,170,27804,4600,12569,11024,1545,10803,19835,14.2,3.87,38.79,7.24,4.61,61.21
113,8508,16721,16754,2439,1460,181,28608,4867,12941,11356,1585,11134,20534,14.54,3.93,38.66,7.29,4.9,61.34
114,10958,21093,20820,3077,2946,60,35392,6521,15912,14182,1730,13670,26001,15.56,3.82,37.96,7.34,7.17,62.04
115,8461,16001,15918,1867,615,22,28710,3209,13110,11268,1842,11061,18809,10.05,3.77,41.07,5.85,2.0,58.93
116,6897,14495,13843,2352,1147,28,22585,5753,11227,10475,752,10272,17111,20.3,4.11,39.62,8.3,4.15,60.38
117,5226,11121,10703,1742,721,26,17376,4448,9337,8475,862,8268,12487,20.38,4.18,42.78,7.98,3.42,57.22
118,5433,10897,10913,1468,621,41,18315,3495,8315,7721,594,7555,13495,16.02,4.01,38.12,6.73,3.04,61.88
119,4081,8319,8172,1009,315,66,14559,1932,6370,5599,771,5507,10121,11.72,4.04,38.63,6.12,2.31,61.37
120,5249,9662,10048,1151,534,43,17102,2608,7701,7097,604,6976,12009,13.23,3.76,39.07,5.84,2.93,60.93
121,7712,14919,15002,2023,1132,47,25627,4294,12276,10705,1571,10527,17645,14.35,3.88,41.03,6.76,3.94,58.97
122,9977,19906,19292,2797,1128,85,33810,5388,15371,13552,1819,13187,23827,13.75,3.93,39.21,7.14,3.09,60.79
123,9425,17727,17659,2174,1807,228,31026,4360,13571,12037,1534,11730,21815,12.32,3.75,38.35,6.14,5.75,61.65
124,10128,19352,19827,2839,6954,85,33632,5547,14805,12222,2583,11983,24374,14.16,3.87,37.79,7.25,17.97,62.21
125,11297,22611,22239,3282,2062,119,38451,6399,16876,14656,2220,14243,27974,14.27,3.97,37.63,7.32,4.86,62.37
126,8247,15756,15875,1983,2203,85,27803,3828,11880,10554,1326,10240,19751,12.1,3.84,37.56,6.27,7.23,62.44
127,11221,21920,21862,3225,4781,61,37238,6544,16745,14482,2263,14123,27037,14.95,3.9,38.25,7.37,11.06,61.75
128,8405,16041,16138,2011,972,439,27957,4222,11855,10441,1414,10140,20324,13.12,3.83,36.84,6.25,4.38,63.16
129,10206,19797,19857,2686,1261,159,34217,5437,15287,12805,2482,12501,24367,13.71,3.89,38.55,6.77,3.58,61.45
130,6150,11327,11900,1206,350,20,21040,2187,8851,7783,1068,7590,14376,9.42,3.78,38.11,5.19,1.59,61.89
131,8284,15480,15431,1951,1285,122,27073,3838,11937,10277,1660,9848,18974,12.42,3.73,38.62,6.31,4.55,61.38
132,6722,13320,12954,1862,1077,79,22043,4231,10740,9127,1613,8939,15534,16.1,3.91,40.88,7.09,4.4,59.12
133,5306,13294,12294,2409,667,49,19349,6239,9278,7857,1421,7656,16310,24.38,4.82,36.26,9.41,2.8,63.74
134,6281,18730,17050,3951,674,18,23474,12306,11829,10162,1667,9648,23951,34.39,5.7,33.06,11.04,1.93,66.94
135,5911,17553,15705,3536,153,1,22513,10745,11248,9680,1568,9034,22010,32.31,5.63,33.82,10.63,0.46,66.18
136,4485,11022,10460,2034,1286,25,16532,4950,7228,6505,723,6182,14254,23.04,4.79,33.65,9.47,6.1,66.35
137,3373,10507,8878,2318,73,34,13511,5874,6243,5361,882,4335,13142,30.3,5.75,32.21,11.96,0.55,67.79
138,4629,15581,13277,3575,29,0,19890,8968,10786,9774,1012,5995,18072,31.08,6.23,37.38,12.39,0.1,62.62
139,6937,22225,19789,5240,0,0,28523,13491,15017,12355,2662,7133,26997,32.11,6.06,35.74,12.47,0.0,64.26
140,5004,16074,14430,3889,1730,37,21273,9231,11744,9935,1809,5400,18760,30.26,6.1,38.5,12.75,5.79,61.5
141,7755,21452,19700,5383,3079,16,26880,14272,14647,12186,2461,9570,26505,34.68,5.31,35.59,13.08,7.52,64.41
