ward_id,ward_name,borough,lat,lon,population,area_km2,pop_density_km2,green_cover_pct,water_pct,green_km2,water_km2,building_count,building_density_km2
1,Ward 1,1,22.625565,88.375493,53125,1.3734,38681.0,0.01,2.03,0.0001,0.0279,1200,874.0
2,Ward 2,1,22.624727,88.385867,48190,1.7221,27983.0,0.1,1.64,0.0017,0.0282,2532,1470.0
3,Ward 3,1,22.610144,88.389393,53855,1.3474,39970.0,0.0,5.9,0.0,0.0795,1571,1166.0
4,Ward 4,1,22.614826,88.385018,34476,0.9494,36313.0,1.52,2.49,0.0144,0.0236,1474,1553.0
5,Ward 5,1,22.604251,88.379288,23707,1.3577,17461.0,2.98,2.47,0.0405,0.0336,812,598.0
6,Ward 6,1,22.616828,88.373931,42346,1.7437,24285.0,0.72,0.96,0.0125,0.0167,897,514.0
7,Ward 7,1,22.604932,88.369231,19180,0.4213,45526.0,3.32,2.07,0.014,0.0087,400,949.0
8,Ward 8,1,22.600866,88.367122,18760,0.3609,51981.0,3.1,0.0,0.0112,0.0,467,1294.0
9,Ward 9,1,22.598699,88.35969,16420,0.2968,55323.0,2.56,0.0,0.0076,0.0,324,1092.0
10,Ward 10,2,22.598973,88.370056,27700,0.4386,63155.0,1.35,0.0,0.0059,0.0,492,1122.0
11,Ward 11,2,22.596904,88.37345,22152,0.3265,67847.0,0.0,0.0,0.0,0.0,341,1044.0
12,Ward 12,2,22.599657,88.376725,21493,0.5261,40853.0,14.05,4.87,0.0739,0.0256,399,758.0
13,Ward 13,3,22.596818,88.385323,33066,0.786,42069.0,1.79,6.25,0.0141,0.0491,557,709.0
14,Ward 14,3,22.588179,88.384895,53343,1.0049,53083.0,3.78,3.72,0.038,0.0374,870,866.0
15,Ward 15,2,22.588788,88.377509,23922,0.5326,44916.0,2.05,3.42,0.0109,0.0182,478,897.0
16,Ward 16,2,22.589273,88.372035,20904,0.309,67650.0,1.36,0.0,0.0042,0.0,428,1385.0
17,Ward 17,2,22.592325,88.367233,21023,0.363,57915.0,1.38,0.0,0.005,0.0,257,708.0
18,Ward 18,2,22.593439,88.362737,22267,0.2372,93874.0,0.25,0.0,0.0006,0.0,490,2066.0
19,Ward 19,2,22.596831,88.357854,21158,0.243,87070.0,0.45,0.0,0.0011,0.0,348,1432.0
20,Ward 20,2,22.593929,88.35642,21576,0.2956,72991.0,0.0,0.0,0.0,0.0,187,633.0
21,Ward 21,4,22.590193,88.353323,21187,0.3409,62150.0,2.32,0.0,0.0079,0.0,458,1344.0
22,Ward 22,4,22.584906,88.351884,15730,0.3455,45528.0,6.74,0.0,0.0233,0.0,286,828.0
23,Ward 23,4,22.584222,88.356355,18256,0.1644,111046.0,1.4,0.0,0.0023,0.0,226,1375.0
24,Ward 24,4,22.589232,88.357382,19824,0.2014,98431.0,0.0,0.0,0.0,0.0,399,1981.0
25,Ward 25,4,22.585092,88.362738,27484,0.4067,67578.0,0.0,0.0,0.0,0.0,733,1802.0
26,Ward 26,4,22.588496,88.363878,25371,0.3527,71934.0,4.39,0.0,0.0155,0.0,661,1874.0
27,Ward 27,4,22.585272,88.371133,19350,0.4249,45540.0,4.31,1.86,0.0183,0.0079,586,1379.0
28,Ward 28,4,22.580313,88.376427,38110,0.4254,89586.0,0.85,2.87,0.0036,0.0122,628,1476.0
29,Ward 29,3,22.576912,88.380059,53782,0.5636,95426.0,0.0,4.36,0.0,0.0246,363,644.0
30,Ward 30,3,22.576885,88.3855,30050,0.58,51810.0,1.4,0.95,0.0081,0.0055,689,1188.0
31,Ward 31,3,22.575555,88.396314,39025,1.385,28177.0,2.94,1.31,0.0407,0.0181,1372,991.0
32,Ward 32,3,22.587739,88.393796,45636,1.665,27409.0,8.0,6.41,0.1332,0.1068,1291,775.0
33,Ward 33,3,22.564964,88.400904,45919,1.8277,25124.0,19.75,2.0,0.3609,0.0365,1882,1030.0
34,Ward 34,3,22.564465,88.390332,29773,0.7887,37749.0,0.0,4.29,0.0,0.0338,1123,1424.0
35,Ward 35,3,22.567795,88.383257,35024,0.8311,42142.0,0.0,3.95,0.0,0.0328,972,1170.0
36,Ward 36,5,22.569741,88.374344,27238,0.9894,27530.0,0.69,1.16,0.0068,0.0115,370,374.0
37,Ward 37,5,22.574398,88.370466,24020,0.3139,76521.0,2.2,0.0,0.0069,0.0,475,1513.0
38,Ward 38,4,22.580179,88.369821,28791,0.4918,58542.0,1.89,0.41,0.0093,0.002,665,1352.0
39,Ward 39,4,22.579681,88.363188,21296,0.2015,105687.0,8.78,0.0,0.0177,0.0,205,1017.0
40,Ward 40,5,22.575021,88.365648,20549,0.3678,55870.0,5.3,2.8,0.0195,0.0103,733,1993.0
41,Ward 41,5,22.581962,88.359612,19946,0.2098,95071.0,11.58,0.0,0.0243,0.0,182,867.0
42,Ward 42,5,22.57952,88.354408,21746,0.3217,67597.0,0.0,0.0,0.0,0.0,354,1100.0
43,Ward 43,5,22.576568,88.356467,17677,0.2364,74776.0,0.0,0.0,0.0,0.0,294,1244.0
44,Ward 44,5,22.574504,88.360136,29600,0.5221,56694.0,0.25,0.0,0.0013,0.0,436,835.0
45,Ward 45,5,22.572681,88.348747,8394,1.5407,5448.0,27.14,1.31,0.4181,0.0202,470,305.0
46,Ward 46,6,22.563918,88.351177,12823,1.308,9804.0,7.96,0.62,0.1041,0.0081,537,411.0
47,Ward 47,6,22.567675,88.358287,14684,0.4034,36401.0,0.0,0.0,0.0,0.0,550,1363.0
48,Ward 48,5,22.569231,88.363052,20437,0.2457,83179.0,0.0,0.0,0.0,0.0,477,1941.0
49,Ward 49,5,22.56972,88.368236,19416,0.2583,75168.0,0.7,0.0,0.0018,0.0,527,2040.0
50,Ward 50,5,22.564221,88.366027,17251,0.3836,44971.0,2.63,0.0,0.0101,0.0,399,1040.0
51,Ward 51,6,22.564335,88.361457,13556,0.2988,45368.0,7.7,0.0,0.023,0.0,452,1513.0
52,Ward 52,6,22.56012,88.35647,16869,0.2388,70641.0,0.0,0.0,0.0,0.0,206,863.0
53,Ward 53,6,22.558785,88.362036,25598,0.3449,74219.0,2.2,0.0,0.0076,0.0,379,1099.0
54,Ward 54,6,22.556044,88.367444,36235,0.3768,96165.0,0.0,0.0,0.0,0.0,474,1258.0
55,Ward 55,6,22.558479,88.371927,32254,0.9791,32942.0,2.74,1.14,0.0268,0.0112,836,854.0
56,Ward 56,7,22.556818,88.378832,43622,0.678,64339.0,0.0,1.52,0.0,0.0103,457,674.0
57,Ward 57,7,22.555716,88.401221,49856,2.7367,18218.0,0.16,30.17,0.0043,0.8257,1753,641.0
58,Ward 58,7,22.542414,88.40684,88465,10.8132,8181.0,0.65,9.24,0.0699,0.9991,2721,252.0
59,Ward 59,7,22.544029,88.379744,70261,1.944,36142.0,0.36,4.51,0.007,0.0877,1872,963.0
60,Ward 60,6,22.549314,88.368248,35732,0.5821,61385.0,2.23,0.0,0.013,0.0,716,1230.0
61,Ward 61,6,22.548857,88.361671,29704,0.6428,46210.0,0.02,0.0,0.0001,0.0,612,952.0
62,Ward 62,6,22.555288,88.360589,34832,0.3881,89750.0,0.85,1.65,0.0033,0.0064,471,1214.0
63,Ward 63,7,22.549455,88.347418,24387,3.8004,6417.0,28.41,2.63,1.0796,0.0998,924,243.0
64,Ward 64,7,22.541842,88.366255,31280,0.8517,36727.0,11.62,0.34,0.099,0.0029,984,1155.0
65,Ward 65,7,22.534267,88.369661,72427,1.3328,54342.0,0.01,1.1,0.0001,0.0147,1958,1469.0
66,Ward 66,7,22.533166,88.385591,98024,1.9088,51354.0,0.19,6.45,0.0037,0.1232,3292,1725.0
67,Ward 67,7,22.523303,88.380533,56284,1.8359,30657.0,0.3,4.55,0.0055,0.0835,3668,1998.0
68,Ward 68,8,22.522617,88.369032,20724,0.9284,22322.0,0.28,0.28,0.0026,0.0026,1611,1735.0
69,Ward 69,8,22.532703,88.358994,44111,2.0176,21863.0,1.55,0.58,0.0313,0.0117,1573,780.0
70,Ward 70,8,22.536214,88.350283,18618,0.8327,22359.0,1.12,0.0,0.0093,0.0,996,1196.0
71,Ward 71,9,22.536421,88.340703,29922,1.04,28771.0,0.77,0.94,0.008,0.0098,1158,1113.0
72,Ward 72,8,22.528005,88.349336,19167,0.5777,33178.0,3.69,0.97,0.0213,0.0056,1019,1764.0
73,Ward 73,9,22.528926,88.343359,23512,0.5421,43372.0,2.93,0.0,0.0159,0.0,1009,1861.0
74,Ward 74,9,22.527288,88.333626,42176,3.3487,12595.0,9.48,0.54,0.3173,0.018,1367,408.0
75,Ward 75,9,22.546945,88.325945,26925,0.5631,47816.0,0.71,0.8,0.004,0.0045,489,868.0
76,Ward 76,9,22.542199,88.322404,21946,0.4364,50289.0,3.67,0.0,0.016,0.0,641,1469.0
77,Ward 77,9,22.53734,88.32356,45984,0.4951,92878.0,0.48,0.42,0.0024,0.0021,922,1862.0
78,Ward 78,9,22.531055,88.322656,54090,0.6822,79288.0,1.29,0.15,0.0088,0.001,792,1161.0
79,Ward 79,9,22.525843,88.316757,44303,2.932,15110.0,0.46,7.28,0.0135,0.2134,473,161.0
80,Ward 80,9,22.530148,88.299217,31094,9.0756,3426.0,0.53,10.56,0.0483,0.9585,842,93.0
81,Ward 81,10,22.510607,88.332207,41501,1.274,32575.0,0.57,0.0,0.0072,0.0,1863,1462.0
82,Ward 82,9,22.516529,88.336667,38838,0.9264,41924.0,1.26,0.13,0.0117,0.0012,1265,1366.0
83,Ward 83,8,22.520243,88.34336,22163,0.4812,46058.0,0.54,0.04,0.0026,0.0002,886,1841.0
84,Ward 84,8,22.520583,88.349337,19230,0.4651,41346.0,3.68,0.0,0.0171,0.0,956,2055.0
85,Ward 85,8,22.521263,88.356663,29566,0.7146,41374.0,2.74,0.46,0.0196,0.0033,1176,1646.0
86,Ward 86,8,22.520804,88.364163,19195,0.8882,21611.0,6.92,0.07,0.0615,0.0006,1372,1545.0
87,Ward 87,8,22.512696,88.349683,12675,0.7476,16954.0,33.51,0.0,0.2505,0.0,978,1308.0
88,Ward 88,8,22.512563,88.343382,23672,0.4895,48360.0,0.53,0.0,0.0026,0.0,792,1618.0
89,Ward 89,10,22.504329,88.349387,22304,0.6988,31918.0,0.66,1.0,0.0046,0.007,1172,1677.0
90,Ward 90,8,22.513503,88.363843,18857,1.146,16455.0,54.89,1.94,0.629,0.0222,984,859.0
91,Ward 91,10,22.515507,88.3791,38450,1.0795,35618.0,1.36,5.1,0.0147,0.0551,2336,2164.0
92,Ward 92,10,22.505468,88.372901,36450,1.5754,23137.0,0.94,3.16,0.0148,0.0498,2745,1742.0
93,Ward 93,10,22.503185,88.360442,44364,1.8685,23743.0,2.12,2.91,0.0396,0.0544,3110,1664.0
94,Ward 94,10,22.495317,88.352236,27469,1.6719,16430.0,49.51,3.49,0.8278,0.0584,1470,879.0
95,Ward 95,10,22.490457,88.362099,26737,1.0085,26512.0,2.22,0.79,0.0224,0.008,2673,2650.0
96,Ward 96,10,22.490291,88.367748,31033,1.1272,27531.0,1.6,2.8,0.018,0.0316,3053,2708.0
97,Ward 97,10,22.488427,88.346063,37199,1.9345,19229.0,25.83,0.75,0.4996,0.0146,2637,1363.0
98,Ward 98,10,22.479083,88.360236,31708,1.1617,27294.0,0.75,0.73,0.0087,0.0085,2598,2236.0
99,Ward 99,10,22.481604,88.370146,26739,0.9105,29367.0,0.0,2.05,0.0,0.0187,2128,2337.0
100,Ward 100,10,22.471409,88.370914,25507,1.4061,18140.0,0.95,1.29,0.0134,0.0182,2980,2119.0
101,Ward 101,12,22.477393,88.382609,40208,1.6768,23979.0,0.91,3.17,0.0153,0.0531,3867,2306.0
102,Ward 102,12,22.489928,88.375575,21503,0.9856,21817.0,0.04,2.03,0.0004,0.02,1628,1652.0
103,Ward 103,11,22.489584,88.384032,25428,0.9546,26637.0,0.04,1.93,0.0004,0.0184,2037,2134.0
104,Ward 104,11,22.49768,88.385022,33185,1.189,27910.0,0.64,1.09,0.0076,0.013,1913,1609.0
105,Ward 105,12,22.505288,88.381297,21267,0.6676,31856.0,0.73,4.46,0.0049,0.0298,882,1321.0
106,Ward 106,12,22.504403,88.392651,40618,1.9118,21246.0,2.88,1.31,0.0551,0.0251,2892,1513.0
107,Ward 107,12,22.520242,88.39311,54260,2.7008,20090.0,5.14,2.39,0.1389,0.0645,4182,1548.0
108,Ward 108,12,22.51654,88.445047,64777,11.9464,5422.0,7.48,29.75,0.8939,3.5541,3249,272.0
109,Ward 109,12,22.487807,88.402442,64567,7.0971,9098.0,3.76,5.78,0.2669,0.4102,6272,884.0
110,Ward 110,11,22.471959,88.39425,27470,1.7514,15685.0,2.13,7.27,0.0373,0.1273,2716,1551.0
111,Ward 111,11,22.45945,88.370578,38647,2.4266,15926.0,0.35,2.79,0.0086,0.0677,4390,1809.0
112,Ward 112,11,22.46586,88.363444,32404,1.6094,20134.0,0.15,0.28,0.0024,0.0045,2826,1756.0
113,Ward 113,11,22.466669,88.352518,33475,1.6523,20260.0,1.7,0.59,0.0281,0.0097,2965,1794.0
114,Ward 114,11,22.468053,88.343464,41913,2.3085,18156.0,0.17,1.2,0.0039,0.0278,3952,1712.0
115,Ward 115,13,22.48,88.341952,31919,1.4732,21666.0,0.6,4.31,0.0088,0.0635,2976,2020.0
116,Ward 116,13,22.494641,88.334016,28338,1.2224,23182.0,0.13,4.11,0.0016,0.0503,1295,1059.0
117,Ward 117,13,22.502638,88.336795,21824,0.7318,29822.0,0.18,6.53,0.0013,0.0478,996,1361.0
118,Ward 118,13,22.505542,88.328293,21810,0.8484,25707.0,0.0,0.39,0.0,0.0033,1932,2277.0
119,Ward 119,13,22.506298,88.322378,16491,0.6289,26222.0,5.04,0.78,0.0317,0.0049,1163,1849.0
120,Ward 120,13,22.497558,88.322027,19710,0.6951,28356.0,0.0,1.88,0.0,0.0131,1494,2149.0
121,Ward 121,14,22.491192,88.325838,29921,1.4765,20265.0,5.36,2.9,0.0791,0.0428,2818,1909.0
122,Ward 122,13,22.477437,88.331627,39198,3.1571,12416.0,0.31,8.34,0.0099,0.2634,4567,1447.0
123,Ward 123,16,22.47742,88.317383,35386,1.8954,18669.0,0.27,2.53,0.0051,0.0479,4284,2260.0
124,Ward 124,16,22.466881,88.315056,39179,2.5474,15380.0,0.0,1.19,0.0,0.0304,5481,2152.0
125,Ward 125,16,22.466476,88.302216,44850,2.8824,15560.0,0.0,2.1,0.0,0.0606,5125,1778.0
126,Ward 126,16,22.470197,88.292292,31631,2.9603,10685.0,0.52,1.97,0.0155,0.0582,3669,1239.0
127,Ward 127,14,22.479461,88.285149,43782,3.4251,12783.0,1.0,3.21,0.0344,0.1099,4392,1282.0
128,Ward 128,14,22.48845,88.300487,32179,1.8381,17507.0,0.03,1.58,0.0005,0.0291,3454,1879.0
129,Ward 129,14,22.496737,88.300946,39654,2.113,18767.0,0.72,0.87,0.0152,0.0184,4268,2020.0
130,Ward 130,14,22.497489,88.312625,23227,1.0378,22381.0,0.07,1.8,0.0007,0.0187,3135,3021.0
131,Ward 131,14,22.509027,88.301788,30911,1.4124,21885.0,0.11,1.66,0.0015,0.0234,3386,2397.0
132,Ward 132,14,22.510346,88.310559,26274,0.917,28652.0,0.34,3.48,0.0031,0.0319,2275,2481.0
133,Ward 133,15,22.541741,88.286971,25588,0.5085,50321.0,0.0,0.31,0.0,0.0016,19,37.0
134,Ward 134,15,22.544782,88.292092,35780,0.3821,93640.0,0.0,0.0,0.0,0.0,0,0.0
135,Ward 135,15,22.547215,88.286084,33258,0.3347,99367.0,0.0,0.84,0.0,0.0028,1,3.0
136,Ward 136,15,22.543597,88.280637,21482,0.5297,40555.0,0.0,5.32,0.0,0.0282,4,8.0
137,Ward 137,15,22.550363,88.279635,19385,0.625,31016.0,0.0,0.0,0.0,0.0,1,2.0
138,Ward 138,15,22.547748,88.269645,28858,0.8084,35698.0,0.0,0.0,0.0,0.0,3,4.0
139,Ward 139,15,22.540481,88.268258,42014,1.6156,26005.0,0.0,0.71,0.0,0.0115,1,1.0
140,Ward 140,15,22.545266,88.260635,30504,1.5474,19713.0,0.0,0.0,0.0,0.0,0,0.0
141,Ward 141,15,22.550704,88.249654,41152,2.6091,15772.0,0.0,0.69,0.0,0.018,30,11.0
