ward_id,ward_name,borough,lat,lon,population,area_km2,pop_density_km2,green_cover_pct,water_pct,green_km2,water_km2,building_count,building_density_km2,households,pop_male,pop_female,pop_under6,pop_sc,pop_st,pop_literate,pop_illiterate,workers_total,workers_main,workers_marginal,workers_other,non_workers,illiteracy_pct,hh_size,worker_pct,under6_pct,scst_pct,nonworker_pct
1,Ward 1,1,22.625565,88.375493,53125,1.3734,38681.0,0.01,2.03,0.0001,0.0279,1200,874.0,11394,27945,25180,4033,1968,117,42277,10848,20240,17775,2465,17137,32885,20.42,4.66,38.1,7.59,3.92,61.9
2,Ward 2,1,22.624727,88.385867,48190,1.7221,27983.0,0.1,1.64,0.0017,0.0282,2532,1470.0,11305,24381,23809,2575,1814,105,42986,5204,17851,15006,2845,14412,30339,10.8,4.26,37.04,5.34,3.98,62.96
3,Ward 3,1,22.610144,88.389393,53855,1.3474,39970.0,0.0,5.9,0.0,0.0795,1571,1166.0,11617,27636,26219,4358,1385,171,42933,10922,19987,16723,3264,16002,33868,20.28,4.64,37.11,8.09,2.89,62.89
4,Ward 4,1,22.614826,88.385018,34476,0.9494,36313.0,1.52,2.49,0.0144,0.0236,1474,1553.0,8558,17403,17073,2144,2713,79,28864,5612,13737,11800,1937,11383,20739,16.28,4.03,39.85,6.22,8.1,60.15
5,Ward 5,1,22.604251,88.379288,23707,1.3577,17461.0,2.98,2.47,0.0405,0.0336,812,598.0,5815,12243,11464,1585,745,60,19980,3727,8499,7551,948,7209,15208,15.72,4.08,35.85,6.69,3.4,64.15
6,Ward 6,1,22.616828,88.373931,42346,1.7437,24285.0,0.72,0.96,0.0125,0.0167,897,514.0,8855,22977,19369,3962,2798,295,31137,11209,15341,13239,2102,12736,27005,26.47,4.78,36.23,9.36,7.3,63.77
7,Ward 7,1,22.604932,88.369231,19180,0.4213,45526.0,3.32,2.07,0.014,0.0087,400,949.0,4240,9942,9238,961,335,10,15969,3211,8044,7193,851,6952,11136,16.74,4.52,41.94,5.01,1.8,58.06
8,Ward 8,1,22.600866,88.367122,18760,0.3609,51981.0,3.1,0.0,0.0112,0.0,467,1294.0,4285,9498,9262,1009,453,3,16609,2151,7145,6675,470,6519,11615,11.47,4.38,38.09,5.38,2.43,61.91
9,Ward 9,1,22.598699,88.35969,16420,0.2968,55323.0,2.56,0.0,0.0076,0.0,324,1092.0,3834,8573,7847,1033,256,1,14094,2326,6899,6346,553,6166,9521,14.17,4.28,42.02,6.29,1.57,57.98
10,Ward 10,2,22.598973,88.370056,27700,0.4386,63155.0,1.35,0.0,0.0059,0.0,492,1122.0,5139,14513,13187,1160,250,12,24518,3182,11784,10752,1032,10506,15916,11.49,5.39,42.54,4.19,0.95,57.46
11,Ward 11,2,22.596904,88.37345,22152,0.3265,67847.0,0.0,0.0,0.0,0.0,341,1044.0,4715,12086,10066,1187,1130,32,18440,3712,9282,8353,929,8082,12870,16.76,4.7,41.9,5.36,5.25,58.1
12,Ward 12,2,22.599657,88.376725,21493,0.5261,40853.0,14.05,4.87,0.0739,0.0256,399,758.0,4864,11884,9609,1455,539,26,17023,4470,9486,8495,991,8336,12007,20.8,4.42,44.14,6.77,2.63,55.86
13,Ward 13,3,22.596818,88.385323,33066,0.786,42069.0,1.79,6.25,0.0141,0.0491,557,709.0,7292,17633,15433,2589,645,34,25414,7652,14344,13150,1194,12677,18722,23.14,4.53,43.38,7.83,2.05,56.62
14,Ward 14,3,22.588179,88.384895,53343,1.0049,53083.0,3.78,3.72,0.038,0.0374,870,866.0,12387,27064,26279,4076,547,21,43290,10053,22096,19003,3093,17985,31247,18.85,4.31,41.42,7.64,1.06,58.58
15,Ward 15,2,22.588788,88.377509,23922,0.5326,44916.0,2.05,3.42,0.0109,0.0182,478,897.0,5397,12641,11281,1633,1384,27,19812,4110,9947,9210,737,8747,13975,17.18,4.43,41.58,6.83,5.9,58.42
16,Ward 16,2,22.589273,88.372035,20904,0.309,67650.0,1.36,0.0,0.0042,0.0,428,1385.0,4230,10767,10137,1164,165,21,17493,3411,8871,7957,914,7799,12033,16.32,4.94,42.44,5.57,0.89,57.56
17,Ward 17,2,22.592325,88.367233,21023,0.363,57915.0,1.38,0.0,0.005,0.0,257,708.0,4895,10824,10199,1160,446,11,18333,2690,8340,7685,655,7556,12683,12.8,4.29,39.67,5.52,2.17,60.33
18,Ward 18,2,22.593439,88.362737,22267,0.2372,93874.0,0.25,0.0,0.0006,0.0,490,2066.0,5525,10738,11529,1336,495,17,16477,5790,7746,7180,566,7025,14521,26.0,4.03,34.79,6.0,2.3,65.21
19,Ward 19,2,22.596831,88.357854,21158,0.243,87070.0,0.45,0.0,0.0011,0.0,348,1432.0,4593,11467,9691,1363,171,1,17675,3483,9126,8530,596,8349,12032,16.46,4.61,43.13,6.44,0.81,56.87
20,Ward 20,2,22.593929,88.35642,21576,0.2956,72991.0,0.0,0.0,0.0,0.0,187,633.0,4310,12180,9396,1629,981,2,17140,4436,9031,8512,519,8095,12545,20.56,5.01,41.86,7.55,4.56,58.14
21,Ward 21,4,22.590193,88.353323,21187,0.3409,62150.0,2.32,0.0,0.0079,0.0,458,1344.0,4304,13127,8060,1295,611,36,16016,5171,10355,9725,630,9569,10832,24.41,4.92,48.87,6.11,3.05,51.13
22,Ward 22,4,22.584906,88.351884,15730,0.3455,45528.0,6.74,0.0,0.0233,0.0,286,828.0,2884,9847,5883,734,284,1,12757,2973,7308,6972,336,6881,8422,18.9,5.45,46.46,4.67,1.81,53.54
23,Ward 23,4,22.584222,88.356355,18256,0.1644,111046.0,1.4,0.0,0.0023,0.0,226,1375.0,3338,10901,7355,1032,162,4,13459,4797,7319,6435,884,5935,10937,26.28,5.47,40.09,5.65,0.91,59.91
24,Ward 24,4,22.589232,88.357382,19824,0.2014,98431.0,0.0,0.0,0.0,0.0,399,1981.0,3842,12264,7560,1073,308,24,13719,6105,8972,7955,1017,7771,10852,30.8,5.16,45.26,5.41,1.67,54.74
25,Ward 25,4,22.585092,88.362738,27484,0.4067,67578.0,0.0,0.0,0.0,0.0,733,1802.0,5838,14992,12492,1556,356,13,22167,5317,11289,10688,601,10525,16195,19.35,4.71,41.07,5.66,1.34,58.93
26,Ward 26,4,22.588496,88.363878,25371,0.3527,71934.0,4.39,0.0,0.0155,0.0,661,1874.0,5659,13692,11679,1674,1428,6,19513,5858,10642,10036,606,9645,14729,23.09,4.48,41.95,6.6,5.65,58.05
27,Ward 27,4,22.585272,88.371133,19350,0.4249,45540.0,4.31,1.86,0.0183,0.0079,586,1379.0,4352,10271,9079,1045,553,27,16144,3206,7882,7232,650,6796,11468,16.57,4.45,40.73,5.4,3.0,59.27
28,Ward 28,4,22.580313,88.376427,38110,0.4254,89586.0,0.85,2.87,0.0036,0.0122,628,1476.0,7223,20788,17322,3169,1532,20,27738,10372,14740,12925,1815,12674,23370,27.22,5.28,38.68,8.32,4.07,61.32
29,Ward 29,3,22.576912,88.380059,53782,0.5636,95426.0,0.0,4.36,0.0,0.0246,363,644.0,9047,28942,24840,5550,2621,63,34094,19688,20558,18184,2374,15716,33224,36.61,5.94,38.22,10.32,4.99,61.78
30,Ward 30,3,22.576885,88.3855,30050,0.58,51810.0,1.4,0.95,0.0081,0.0055,689,1188.0,6747,15649,14401,2038,2834,4,24849,5201,11938,9842,2096,9330,18112,17.31,4.45,39.73,6.78,9.44,60.27
31,Ward 31,3,22.575555,88.396314,39025,1.385,28177.0,2.94,1.31,0.0407,0.0181,1372,991.0,8800,20995,18030,3186,2137,69,31638,7387,15498,14307,1191,14050,23527,18.93,4.43,39.71,8.16,5.65,60.29
32,Ward 32,3,22.587739,88.393796,45636,1.665,27409.0,8.0,6.41,0.1332,0.1068,1291,775.0,10708,22931,22705,3189,5612,154,32145,13491,18578,17105,1473,16680,27058,29.56,4.26,40.71,6.99,12.63,59.29
33,Ward 33,3,22.564964,88.400904,45919,1.8277,25124.0,19.75,2.0,0.3609,0.0365,1882,1030.0,11095,22818,23101,2873,3943,62,39247,6672,18932,16840,2092,16311,26987,14.53,4.14,41.23,6.26,8.72,58.77
34,Ward 34,3,22.564465,88.390332,29773,0.7887,37749.0,0.0,4.29,0.0,0.0338,1123,1424.0,7611,14797,14976,1702,1540,14,26079,3694,12371,10458,1913,10081,17402,12.41,3.91,41.55,5.72,5.22,58.45
35,Ward 35,3,22.567795,88.383257,35024,0.8311,42142.0,0.0,3.95,0.0,0.0328,972,1170.0,8524,17481,17543,1950,1945,69,30244,4780,14070,12391,1679,12151,20954,13.65,4.11,40.17,5.57,5.75,59.83
36,Ward 36,5,22.569741,88.374344,27238,0.9894,27530.0,0.69,1.16,0.0068,0.0115,370,374.0,4574,16743,10495,2142,1049,93,16648,10590,12888,11183,1705,10682,14350,38.88,5.95,47.32,7.86,4.19,52.68
37,Ward 37,5,22.574398,88.370466,24020,0.3139,76521.0,2.2,0.0,0.0069,0.0,475,1513.0,4688,14057,9963,1627,2860,35,17717,6303,10546,9523,1023,8793,13474,26.24,5.12,43.91,6.77,12.05,56.09
38,Ward 38,4,22.580179,88.369821,28791,0.4918,58542.0,1.89,0.41,0.0093,0.002,665,1352.0,6500,16196,12595,1862,1305,31,23097,5694,12780,12084,696,10667,16011,19.78,4.43,44.39,6.47,4.64,55.61
39,Ward 39,4,22.579681,88.363188,21296,0.2015,105687.0,8.78,0.0,0.0177,0.0,205,1017.0,3716,12165,9131,2082,828,1,14078,7218,7869,7013,856,6705,13427,33.89,5.73,36.95,9.78,3.89,63.05
40,Ward 40,5,22.575021,88.365648,20549,0.3678,55870.0,5.3,2.8,0.0195,0.0103,733,1993.0,4733,11771,8778,871,770,7,17345,3204,9202,8626,576,8308,11347,15.59,4.34,44.78,4.24,3.78,55.22
41,Ward 41,5,22.581962,88.359612,19946,0.2098,95071.0,11.58,0.0,0.0243,0.0,182,867.0,3425,11540,8406,1411,273,52,15483,4463,8701,7858,843,7412,11245,22.38,5.82,43.62,7.07,1.63,56.38
42,Ward 42,5,22.57952,88.354408,21746,0.3217,67597.0,0.0,0.0,0.0,0.0,354,1100.0,3749,15827,5919,1018,320,16,15550,6196,13767,9250,4517,8983,7979,28.49,5.8,63.31,4.68,1.55,36.69
43,Ward 43,5,22.576568,88.356467,17677,0.2364,74776.0,0.0,0.0,0.0,0.0,294,1244.0,2878,10899,6778,1429,42,1,12920,4757,7268,6354,914,6158,10409,26.91,6.14,41.12,8.08,0.24,58.88
44,Ward 44,5,22.574504,88.360136,29600,0.5221,56694.0,0.25,0.0,0.0013,0.0,436,835.0,5043,17727,11873,2384,461,25,21525,8075,11257,10127,1130,9861,18343,27.28,5.87,38.03,8.05,1.64,61.97
45,Ward 45,5,22.572681,88.348747,8394,1.5407,5448.0,27.14,1.31,0.4181,0.0202,470,305.0,1704,5823,2571,511,173,30,5888,2506,4691,4361,330,4291,3703,29.85,4.93,55.89,6.09,2.42,44.11
46,Ward 46,6,22.563918,88.351177,12823,1.308,9804.0,7.96,0.62,0.1041,0.0081,537,411.0,2316,7684,5139,956,820,8,10132,2691,5804,4878,926,4727,7019,20.99,5.54,45.26,7.46,6.46,54.74
47,Ward 47,6,22.567675,88.358287,14684,0.4034,36401.0,0.0,0.0,0.0,0.0,550,1363.0,3271,8427,6257,969,988,106,12052,2632,6512,6019,493,5870,8172,17.92,4.49,44.35,6.6,7.45,55.65
48,Ward 48,5,22.569231,88.363052,20437,0.2457,83179.0,0.0,0.0,0.0,0.0,477,1941.0,4671,11128,9309,964,277,10,15975,4462,10702,8682,2020,7525,9735,21.83,4.38,52.37,4.72,1.4,47.63
49,Ward 49,5,22.56972,88.368236,19416,0.2583,75168.0,0.7,0.0,0.0018,0.0,527,2040.0,3965,13511,5905,667,810,3,12283,7133,12036,11104,932,10979,7380,36.74,4.9,61.99,3.44,4.19,38.01
50,Ward 50,5,22.564221,88.366027,17251,0.3836,44971.0,2.63,0.0,0.0101,0.0,399,1040.0,3791,9087,8164,889,297,16,14513,2738,7434,6525,909,6218,9817,15.87,4.55,43.09,5.15,1.81,56.91
51,Ward 51,6,22.564335,88.361457,13556,0.2988,45368.0,7.7,0.0,0.023,0.0,452,1513.0,3273,7164,6392,718,906,48,11941,1615,5705,4905,800,4799,7851,11.91,4.14,42.08,5.3,7.04,57.92
52,Ward 52,6,22.56012,88.35647,16869,0.2388,70641.0,0.0,0.0,0.0,0.0,206,863.0,3304,10205,6664,1289,355,27,13427,3442,7104,6690,414,6443,9765,20.4,5.11,42.11,7.64,2.26,57.89
53,Ward 53,6,22.558785,88.362036,25598,0.3449,74219.0,2.2,0.0,0.0076,0.0,379,1099.0,5405,13862,11736,1670,536,37,21412,4186,10460,8599,1861,8159,15138,16.35,4.74,40.86,6.52,2.24,59.14
54,Ward 54,6,22.556044,88.367444,36235,0.3768,96165.0,0.0,0.0,0.0,0.0,474,1258.0,6666,18937,17298,3365,550,11,26986,9249,13381,11813,1568,11282,22854,25.53,5.44,36.93,9.29,1.55,63.07
55,Ward 55,6,22.558479,88.371927,32254,0.9791,32942.0,2.74,1.14,0.0268,0.0112,836,854.0,6745,17450,14804,2502,924,52,25243,7011,12189,10689,1500,10371,20065,21.74,4.78,37.79,7.76,3.03,62.21
56,Ward 56,7,22.556818,88.378832,43622,0.678,64339.0,0.0,1.52,0.0,0.0103,457,674.0,8941,23018,20604,3426,1356,59,34379,9243,16780,14028,2752,13477,26842,21.19,4.88,38.47,7.85,3.24,61.53
57,Ward 57,7,22.555716,88.401221,49856,2.7367,18218.0,0.16,30.17,0.0043,0.8257,1753,641.0,11051,26142,23714,4414,4143,37,36444,13412,20646,17351,3295,16471,29210,26.9,4.51,41.41,8.85,8.38,58.59
58,Ward 58,7,22.542414,88.40684,88465,10.8132,8181.0,0.65,9.24,0.0699,0.9991,2721,252.0,20093,46207,42258,9277,20125,684,58873,29592,34445,29336,5109,27481,54020,33.45,4.4,38.94,10.49,23.52,61.06
59,Ward 59,7,22.544029,88.379744,70261,1.944,36142.0,0.36,4.51,0.007,0.0877,1872,963.0,15157,36341,33920,6660,785,155,51132,19129,27731,23822,3909,22803,42530,27.23,4.64,39.47,9.48,1.34,60.53
60,Ward 60,6,22.549314,88.368248,35732,0.5821,61385.0,2.23,0.0,0.013,0.0,716,1230.0,6755,18964,16768,3304,264,39,26457,9275,13273,11259,2014,10751,22459,25.96,5.29,37.15,9.25,0.85,62.85
61,Ward 61,6,22.548857,88.361671,29704,0.6428,46210.0,0.02,0.0,0.0001,0.0,612,952.0,5447,15954,13750,2678,573,13,21768,7936,10846,9261,1585,8821,18858,26.72,5.45,36.51,9.02,1.97,63.49
62,Ward 62,6,22.555288,88.360589,34832,0.3881,89750.0,0.85,1.65,0.0033,0.0064,471,1214.0,6400,18736,16096,3395,115,23,27049,7783,12614,11038,1576,10589,22218,22.34,5.44,36.21,9.75,0.4,63.79
63,Ward 63,7,22.549455,88.347418,24387,3.8004,6417.0,28.41,2.63,1.0796,0.0998,924,243.0,4674,14292,10095,1376,282,42,19419,4968,10924,9897,1027,9786,13463,20.37,5.22,44.79,5.64,1.33,55.21
64,Ward 64,7,22.541842,88.366255,31280,0.8517,36727.0,11.62,0.34,0.099,0.0029,984,1155.0,6342,16652,14628,2755,246,11,24307,6973,12124,10525,1599,10028,19156,22.29,4.93,38.76,8.81,0.82,61.24
65,Ward 65,7,22.534267,88.369661,72427,1.3328,54342.0,0.01,1.1,0.0001,0.0147,1958,1469.0,14092,38317,34110,6400,3798,29,53744,18683,27244,24096,3148,23115,45183,25.8,5.14,37.62,8.84,5.28,62.38
66,Ward 66,7,22.533166,88.385591,98024,1.9088,51354.0,0.19,6.45,0.0037,0.1232,3292,1725.0,20797,51138,46886,11526,2599,143,70021,28003,34821,30195,4626,29020,63203,28.57,4.71,35.52,11.76,2.8,64.48
67,Ward 67,7,22.523303,88.380533,56284,1.8359,30657.0,0.3,4.55,0.0055,0.0835,3668,1998.0,13631,28910,27374,4060,3449,252,46753,9531,23116,20498,2618,20135,33168,16.93,4.13,41.07,7.21,6.58,58.93
68,Ward 68,8,22.522617,88.369032,20724,0.9284,22322.0,0.28,0.28,0.0026,0.0026,1611,1735.0,4812,10434,10290,1036,704,5,17888,2836,8625,8080,545,7898,12099,13.68,4.31,41.62,5.0,3.42,58.38
69,Ward 69,8,22.532703,88.358994,44111,2.0176,21863.0,1.55,0.58,0.0313,0.0117,1573,780.0,9615,22906,21205,3283,1959,76,35139,8972,19528,16589,2939,15931,24583,20.34,4.59,44.27,7.44,4.61,55.73
70,Ward 70,8,22.536214,88.350283,18618,0.8327,22359.0,1.12,0.0,0.0093,0.0,996,1196.0,3879,9750,8868,935,485,30,16657,1961,7520,7073,447,6994,11098,10.53,4.8,40.39,5.02,2.77,59.61
71,Ward 71,9,22.536421,88.340703,29922,1.04,28771.0,0.77,0.94,0.008,0.0098,1158,1113.0,6266,15550,14372,1577,1214,43,26081,3841,11790,10535,1255,10297,18132,12.84,4.78,39.4,5.27,4.2,60.6
72,Ward 72,8,22.528005,88.349336,19167,0.5777,33178.0,3.69,0.97,0.0213,0.0056,1019,1764.0,4306,10160,9007,995,1042,6,16366,2801,8488,7854,634,7605,10679,14.61,4.45,44.28,5.19,5.47,55.72
73,Ward 73,9,22.528926,88.343359,23512,0.5421,43372.0,2.93,0.0,0.0159,0.0,1009,1861.0,5260,12541,10971,1329,462,292,19805,3707,10093,8316,1777,8024,13419,15.77,4.47,42.93,5.65,3.21,57.07
74,Ward 74,9,22.527288,88.333626,42176,3.3487,12595.0,9.48,0.54,0.3173,0.018,1367,408.0,9189,24148,18028,2675,996,151,33404,8772,17467,15460,2007,15175,24709,20.8,4.59,41.41,6.34,2.72,58.59
75,Ward 75,9,22.546945,88.325945,26925,0.5631,47816.0,0.71,0.8,0.004,0.0045,489,868.0,5978,15370,11555,2605,619,37,19521,7404,12040,10202,1838,9932,14885,27.5,4.5,44.72,9.68,2.44,55.28
76,Ward 76,9,22.542199,88.322404,21946,0.4364,50289.0,3.67,0.0,0.016,0.0,641,1469.0,5052,11507,10439,1750,208,12,17853,4093,8122,7559,563,7491,13824,18.65,4.34,37.01,7.97,1.0,62.99
77,Ward 77,9,22.53734,88.32356,45984,0.4951,92878.0,0.48,0.42,0.0024,0.0021,922,1862.0,8829,24156,21828,4469,108,19,34807,11177,15785,13935,1850,13159,30199,24.31,5.21,34.33,9.72,0.28,65.67
78,Ward 78,9,22.531055,88.322656,54090,0.6822,79288.0,1.29,0.15,0.0088,0.001,792,1161.0,10637,28435,25655,5493,4237,126,40336,13754,18720,16335,2385,15545,35370,25.43,5.09,34.61,10.16,8.07,65.39
79,Ward 79,9,22.525843,88.316757,44303,2.932,15110.0,0.46,7.28,0.0135,0.2134,473,161.0,9235,24125,20178,4837,3389,270,32345,11958,15677,12848,2829,12630,28626,26.99,4.8,35.39,10.92,8.26,64.61
80,Ward 80,9,22.530148,88.299217,31094,9.0756,3426.0,0.53,10.56,0.0483,0.9585,842,93.0,7124,17364,13730,3610,3168,395,19758,11336,11148,9804,1344,9509,19946,36.46,4.36,35.85,11.61,11.46,64.15
81,Ward 81,10,22.510607,88.332207,41501,1.274,32575.0,0.57,0.0,0.0072,0.0,1863,1462.0,10211,21131,20370,2947,726,21,32823,8678,18812,17193,1619,16626,22689,20.91,4.06,45.33,7.1,1.8,54.67
82,Ward 82,9,22.516529,88.336667,38838,0.9264,41924.0,1.26,0.13,0.0117,0.0012,1265,1366.0,9994,19782,19056,2583,817,50,30753,8085,17357,14773,2584,14346,21481,20.82,3.89,44.69,6.65,2.23,55.31
83,Ward 83,8,22.520243,88.34336,22163,0.4812,46058.0,0.54,0.04,0.0026,0.0002,886,1841.0,5176,11113,11050,1171,42,0,17976,4187,9123,8405,718,8253,13040,18.89,4.28,41.16,5.28,0.19,58.84
84,Ward 84,8,22.520583,88.349337,19230,0.4651,41346.0,3.68,0.0,0.0171,0.0,956,2055.0,4420,9783,9447,1187,699,10,15464,3766,8629,7480,1149,7158,10601,19.58,4.35,44.87,6.17,3.69,55.13
85,Ward 85,8,22.521263,88.356663,29566,0.7146,41374.0,2.74,0.46,0.0196,0.0033,1176,1646.0,6402,15059,14507,1700,488,15,24576,4990,13157,11966,1191,11771,16409,16.88,4.62,44.5,5.75,1.7,55.5
86,Ward 86,8,22.520804,88.364163,19195,0.8882,21611.0,6.92,0.07,0.0615,0.0006,1372,1545.0,4921,9724,9471,1051,1284,78,16259,2936,8219,7089,1130,6908,10976,15.3,3.9,42.82,5.48,7.1,57.18
87,Ward 87,8,22.512696,88.349683,12675,0.7476,16954.0,33.51,0.0,0.2505,0.0,978,1308.0,3227,6285,6390,544,71,1,10950,1725,5391,4875,516,4723,7284,13.61,3.93,42.53,4.29,0.57,57.47
88,Ward 88,8,22.512563,88.343382,23672,0.4895,48360.0,0.53,0.0,0.0026,0.0,792,1618.0,6109,11996,11676,1651,364,12,18738,4934,10372,9548,824,9379,13300,20.84,3.87,43.82,6.97,1.59,56.18
89,Ward 89,10,22.504329,88.349387,22304,0.6988,31918.0,0.66,1.0,0.0046,0.007,1172,1677.0,5819,11395,10909,1334,692,25,19376,2928,10039,8024,2015,7683,12265,13.13,3.83,45.01,5.98,3.21,54.99
90,Ward 90,8,22.513503,88.363843,18857,1.146,16455.0,54.89,1.94,0.629,0.0222,984,859.0,4761,9255,9602,1131,1467,185,14997,3860,8399,7617,782,7212,10458,20.47,3.96,44.54,6.0,8.76,55.46
91,Ward 91,10,22.515507,88.3791,38450,1.0795,35618.0,1.36,5.1,0.0147,0.0551,2336,2164.0,9995,18967,19483,2167,1480,23,32861,5589,15962,14067,1895,13796,22488,14.54,3.85,41.51,5.64,3.91,58.49
92,Ward 92,10,22.505468,88.372901,36450,1.5754,23137.0,0.94,3.16,0.0148,0.0498,2745,1742.0,10177,17865,18585,1791,1065,45,32417,4033,14237,12716,1521,12465,22213,11.06,3.58,39.06,4.91,3.05,60.94
93,Ward 93,10,22.503185,88.360442,44364,1.8685,23743.0,2.12,2.91,0.0396,0.0544,3110,1664.0,11871,22176,22188,2798,1798,60,37950,6414,18701,16384,2317,15871,25663,14.46,3.74,42.15,6.31,4.19,57.85
94,Ward 94,10,22.495317,88.352236,27469,1.6719,16430.0,49.51,3.49,0.8278,0.0584,1470,879.0,7121,13918,13551,1847,1450,47,22831,4638,11527,10677,850,10575,15942,16.88,3.86,41.96,6.72,5.45,58.04
95,Ward 95,10,22.490457,88.362099,26737,1.0085,26512.0,2.22,0.79,0.0224,0.008,2673,2650.0,7651,13212,13525,1314,561,26,24306,2431,10208,8894,1314,8687,16529,9.09,3.49,38.18,4.91,2.2,61.82
96,Ward 96,10,22.490291,88.367748,31033,1.1272,27531.0,1.6,2.8,0.018,0.0316,3053,2708.0,8893,15357,15676,1488,453,69,28533,2500,11743,10663,1080,10455,19290,8.06,3.49,37.84,4.79,1.68,62.16
97,Ward 97,10,22.488427,88.346063,37199,1.9345,19229.0,25.83,0.75,0.4996,0.0146,2637,1363.0,10222,18613,18586,2073,1251,208,33230,3969,15205,12715,2490,12383,21994,10.67,3.64,40.87,5.57,3.92,59.13
98,Ward 98,10,22.479083,88.360236,31708,1.1617,27294.0,0.75,0.73,0.0087,0.0085,2598,2236.0,8904,15406,16302,1721,705,19,28859,2849,11890,10836,1054,10581,19818,8.99,3.56,37.5,5.43,2.28,62.5
99,Ward 99,10,22.481604,88.370146,26739,0.9105,29367.0,0.0,2.05,0.0,0.0187,2128,2337.0,7222,13305,13434,1519,745,271,24158,2581,10493,9283,1210,9063,16246,9.65,3.7,39.24,5.68,3.8,60.76
100,Ward 100,10,22.471409,88.370914,25507,1.4061,18140.0,0.95,1.29,0.0134,0.0182,2980,2119.0,7269,12386,13121,1341,324,72,23195,2312,9477,8270,1207,7989,16030,9.06,3.51,37.15,5.26,1.55,62.85
101,Ward 101,12,22.477393,88.382609,40208,1.6768,23979.0,0.91,3.17,0.0153,0.0531,3867,2306.0,10934,19831,20377,2526,2907,91,35933,4275,15311,13654,1657,13406,24897,10.63,3.68,38.08,6.28,7.46,61.92
102,Ward 102,12,22.489928,88.375575,21503,0.9856,21817.0,0.04,2.03,0.0004,0.02,1628,1652.0,5867,10624,10879,1321,880,16,18877,2626,8449,7311,1138,7096,13054,12.21,3.67,39.29,6.14,4.17,60.71
103,Ward 103,11,22.489584,88.384032,25428,0.9546,26637.0,0.04,1.93,0.0004,0.0184,2037,2134.0,7105,12499,12929,1363,3284,21,22806,2622,10255,8643,1612,8355,15173,10.31,3.58,40.33,5.36,13.0,59.67
104,Ward 104,11,22.49768,88.385022,33185,1.189,27910.0,0.64,1.09,0.0076,0.013,1913,1609.0,9224,16385,16800,1795,1108,21,30144,3041,12436,11170,1266,10961,20749,9.16,3.6,37.47,5.41,3.4,62.53
105,Ward 105,12,22.505288,88.381297,21267,0.6676,31856.0,0.73,4.46,0.0049,0.0298,882,1321.0,5639,10609,10658,1226,2725,10,18811,2456,8461,7524,937,7379,12806,11.55,3.77,39.78,5.76,12.86,60.22
106,Ward 106,12,22.504403,88.392651,40618,1.9118,21246.0,2.88,1.31,0.0551,0.0251,2892,1513.0,10558,20466,20152,2894,7653,59,35071,5547,16751,14249,2502,13819,23867,13.66,3.85,41.24,7.12,18.99,58.76
107,Ward 107,12,22.520242,88.39311,54260,2.7008,20090.0,5.14,2.39,0.1389,0.0645,4182,1548.0,13518,27977,26283,4129,7320,329,45146,9114,22045,19821,2224,19252,32215,16.8,4.01,40.63,7.61,14.1,59.37
108,Ward 108,12,22.51654,88.445047,64777,11.9464,5422.0,7.48,29.75,0.8939,3.5541,3249,272.0,15854,33428,31349,7204,20923,928,46487,18290,26447,22507,3940,21665,38330,28.24,4.09,40.83,11.12,33.73,59.17
109,Ward 109,12,22.487807,88.402442,64567,7.0971,9098.0,3.76,5.78,0.2669,0.4102,6272,884.0,16238,32460,32107,5575,15581,197,50435,14132,26883,23271,3612,22578,37684,21.89,3.98,41.64,8.63,24.44,58.36
110,Ward 110,11,22.471959,88.39425,27470,1.7514,15685.0,2.13,7.27,0.0373,0.1273,2716,1551.0,7628,13681,13789,1894,3432,124,23363,4107,11061,9783,1278,9617,16409,14.95,3.6,40.27,6.89,12.95,59.73
111,Ward 111,11,22.45945,88.370578,38647,2.4266,15926.0,0.35,2.79,0.0086,0.0677,4390,1809.0,10156,19656,18991,2545,1294,136,33705,4942,14893,12949,1944,12650,23754,12.79,3.81,38.54,6.59,3.7,61.46
112,Ward 112,11,22.46586,88.363444,32404,1.6094,20134.0,0.15,0.28,0.0024,0.0045,2826,1756.0,8373,16309,16095,2345,1325,170,27804,4600,12569,11024,1545,10803,19835,14.2,3.87,38.79,7.24,4.61,61.21
113,Ward 113,11,22.466669,88.352518,33475,1.6523,20260.0,1.7,0.59,0.0281,0.0097,2965,1794.0,8508,16721,16754,2439,1460,181,28608,4867,12941,11356,1585,11134,20534,14.54,3.93,38.66,7.29,4.9,61.34
114,Ward 114,11,22.468053,88.343464,41913,2.3085,18156.0,0.17,1.2,0.0039,0.0278,3952,1712.0,10958,21093,20820,3077,2946,60,35392,6521,15912,14182,1730,13670,26001,15.56,3.82,37.96,7.34,7.17,62.04
115,Ward 115,13,22.48,88.341952,31919,1.4732,21666.0,0.6,4.31,0.0088,0.0635,2976,2020.0,8461,16001,15918,1867,615,22,28710,3209,13110,11268,1842,11061,18809,10.05,3.77,41.07,5.85,2.0,58.93
116,Ward 116,13,22.494641,88.334016,28338,1.2224,23182.0,0.13,4.11,0.0016,0.0503,1295,1059.0,6897,14495,13843,2352,1147,28,22585,5753,11227,10475,752,10272,17111,20.3,4.11,39.62,8.3,4.15,60.38
117,Ward 117,13,22.502638,88.336795,21824,0.7318,29822.0,0.18,6.53,0.0013,0.0478,996,1361.0,5226,11121,10703,1742,721,26,17376,4448,9337,8475,862,8268,12487,20.38,4.18,42.78,7.98,3.42,57.22
118,Ward 118,13,22.505542,88.328293,21810,0.8484,25707.0,0.0,0.39,0.0,0.0033,1932,2277.0,5433,10897,10913,1468,621,41,18315,3495,8315,7721,594,7555,13495,16.02,4.01,38.12,6.73,3.04,61.88
119,Ward 119,13,22.506298,88.322378,16491,0.6289,26222.0,5.04,0.78,0.0317,0.0049,1163,1849.0,4081,8319,8172,1009,315,66,14559,1932,6370,5599,771,5507,10121,11.72,4.04,38.63,6.12,2.31,61.37
120,Ward 120,13,22.497558,88.322027,19710,0.6951,28356.0,0.0,1.88,0.0,0.0131,1494,2149.0,5249,9662,10048,1151,534,43,17102,2608,7701,7097,604,6976,12009,13.23,3.76,39.07,5.84,2.93,60.93
121,Ward 121,14,22.491192,88.325838,29921,1.4765,20265.0,5.36,2.9,0.0791,0.0428,2818,1909.0,7712,14919,15002,2023,1132,47,25627,4294,12276,10705,1571,10527,17645,14.35,3.88,41.03,6.76,3.94,58.97
122,Ward 122,13,22.477437,88.331627,39198,3.1571,12416.0,0.31,8.34,0.0099,0.2634,4567,1447.0,9977,19906,19292,2797,1128,85,33810,5388,15371,13552,1819,13187,23827,13.75,3.93,39.21,7.14,3.09,60.79
123,Ward 123,16,22.47742,88.317383,35386,1.8954,18669.0,0.27,2.53,0.0051,0.0479,4284,2260.0,9425,17727,17659,2174,1807,228,31026,4360,13571,12037,1534,11730,21815,12.32,3.75,38.35,6.14,5.75,61.65
124,Ward 124,16,22.466881,88.315056,39179,2.5474,15380.0,0.0,1.19,0.0,0.0304,5481,2152.0,10128,19352,19827,2839,6954,85,33632,5547,14805,12222,2583,11983,24374,14.16,3.87,37.79,7.25,17.97,62.21
125,Ward 125,16,22.466476,88.302216,44850,2.8824,15560.0,0.0,2.1,0.0,0.0606,5125,1778.0,11297,22611,22239,3282,2062,119,38451,6399,16876,14656,2220,14243,27974,14.27,3.97,37.63,7.32,4.86,62.37
126,Ward 126,16,22.470197,88.292292,31631,2.9603,10685.0,0.52,1.97,0.0155,0.0582,3669,1239.0,8247,15756,15875,1983,2203,85,27803,3828,11880,10554,1326,10240,19751,12.1,3.84,37.56,6.27,7.23,62.44
127,Ward 127,14,22.479461,88.285149,43782,3.4251,12783.0,1.0,3.21,0.0344,0.1099,4392,1282.0,11221,21920,21862,3225,4781,61,37238,6544,16745,14482,2263,14123,27037,14.95,3.9,38.25,7.37,11.06,61.75
128,Ward 128,14,22.48845,88.300487,32179,1.8381,17507.0,0.03,1.58,0.0005,0.0291,3454,1879.0,8405,16041,16138,2011,972,439,27957,4222,11855,10441,1414,10140,20324,13.12,3.83,36.84,6.25,4.38,63.16
129,Ward 129,14,22.496737,88.300946,39654,2.113,18767.0,0.72,0.87,0.0152,0.0184,4268,2020.0,10206,19797,19857,2686,1261,159,34217,5437,15287,12805,2482,12501,24367,13.71,3.89,38.55,6.77,3.58,61.45
130,Ward 130,14,22.497489,88.312625,23227,1.0378,22381.0,0.07,1.8,0.0007,0.0187,3135,3021.0,6150,11327,11900,1206,350,20,21040,2187,8851,7783,1068,7590,14376,9.42,3.78,38.11,5.19,1.59,61.89
131,Ward 131,14,22.509027,88.301788,30911,1.4124,21885.0,0.11,1.66,0.0015,0.0234,3386,2397.0,8284,15480,15431,1951,1285,122,27073,3838,11937,10277,1660,9848,18974,12.42,3.73,38.62,6.31,4.55,61.38
132,Ward 132,14,22.510346,88.310559,26274,0.917,28652.0,0.34,3.48,0.0031,0.0319,2275,2481.0,6722,13320,12954,1862,1077,79,22043,4231,10740,9127,1613,8939,15534,16.1,3.91,40.88,7.09,4.4,59.12
133,Ward 133,15,22.541741,88.286971,25588,0.5085,50321.0,0.0,0.31,0.0,0.0016,19,37.0,5306,13294,12294,2409,667,49,19349,6239,9278,7857,1421,7656,16310,24.38,4.82,36.26,9.41,2.8,63.74
134,Ward 134,15,22.544782,88.292092,35780,0.3821,93640.0,0.0,0.0,0.0,0.0,0,0.0,6281,18730,17050,3951,674,18,23474,12306,11829,10162,1667,9648,23951,34.39,5.7,33.06,11.04,1.93,66.94
135,Ward 135,15,22.547215,88.286084,33258,0.3347,99367.0,0.0,0.84,0.0,0.0028,1,3.0,5911,17553,15705,3536,153,1,22513,10745,11248,9680,1568,9034,22010,32.31,5.63,33.82,10.63,0.46,66.18
136,Ward 136,15,22.543597,88.280637,21482,0.5297,40555.0,0.0,5.32,0.0,0.0282,4,8.0,4485,11022,10460,2034,1286,25,16532,4950,7228,6505,723,6182,14254,23.04,4.79,33.65,9.47,6.1,66.35
137,Ward 137,15,22.550363,88.279635,19385,0.625,31016.0,0.0,0.0,0.0,0.0,1,2.0,3373,10507,8878,2318,73,34,13511,5874,6243,5361,882,4335,13142,30.3,5.75,32.21,11.96,0.55,67.79
138,Ward 138,15,22.547748,88.269645,28858,0.8084,35698.0,0.0,0.0,0.0,0.0,3,4.0,4629,15581,13277,3575,29,0,19890,8968,10786,9774,1012,5995,18072,31.08,6.23,37.38,12.39,0.1,62.62
139,Ward 139,15,22.540481,88.268258,42014,1.6156,26005.0,0.0,0.71,0.0,0.0115,1,1.0,6937,22225,19789,5240,0,0,28523,13491,15017,12355,2662,7133,26997,32.11,6.06,35.74,12.47,0.0,64.26
140,Ward 140,15,22.545266,88.260635,30504,1.5474,19713.0,0.0,0.0,0.0,0.0,0,0.0,5004,16074,14430,3889,1730,37,21273,9231,11744,9935,1809,5400,18760,30.26,6.1,38.5,12.75,5.79,61.5
141,Ward 141,15,22.550704,88.249654,41152,2.6091,15772.0,0.0,0.69,0.0,0.018,30,11.0,7755,21452,19700,5383,3079,16,26880,14272,14647,12186,2461,9570,26505,34.68,5.31,35.59,13.08,7.52,64.41
